query_validation	#Scan#	Compound_Name	SpectrumID	SpectrumFile	LibraryName	MQScore	TIC_Query	RT_Query	MZErrorPPM	SharedPeaks	MassDiff	SpecMZ	SpecCharge	FileScanUniqueID	NumberHits	Ion_Source	Instrument	Compound_Source	PI	Data_Collector	Adduct	Precursor_MZ	ExactMass	Charge	CAS_Number	Pubmed_ID	Smiles	INCHI	INCHI_AUX	Library_Class	IonMode	Organism	LibMZ	UpdateWorkflowName	LibraryQualityString	tags	molecular_formula	InChIKey	InChIKey-Planar	superclass	class	subclass	npclassifier_superclass	npclassifier_class	npclassifier_pathway	library_usi
trihydroxy_stage1	27802	"""Candidate Trihydroxylated bile acid (delta mass -36.0223; sirius atomic difference: -4H, -2O; buddy atomic difference: -4H, -2O; spectral library match to CCMSLIB00005788126, Choldienic acid putative)"""	CCMSLIB00010246252	spectra_filtered.mgf	GNPS-BILE-ACID-MODIFICATIONS.mgf	0.967195	5295300.0	0	1.8804	21	0.000701904	373.274	1	temp/spectra_filtered.mgf27802	1	LC-ESI	Orbitrap	Crude	Pieter Dorrestein	helenamrusso / mohantyipsita	M+H	373.273	373.273	0						4	Positive	GNPS-BILE-ACID-MODIFICATIONS	373.273	UPDATE-SINGLE-ANNOTATED-BRONZE	Insilico											mzspec:GNPS:GNPS-LIBRARY:CCMSLIB00010246252
trihydroxy_stage1	32285	"""Candidate Trihydroxylated bile acid (delta mass -18.0106; sirius atomic difference: -2H, -1O; buddy atomic difference: -2H, -1O; spectral library match to CCMSLIB00003135123, Spectral Match to 12-Ketodeoxycholic acid from NIST14)"""	CCMSLIB00010239711	spectra_filtered.mgf	GNPS-BILE-ACID-MODIFICATIONS.mgf	0.965647	19740000.0	0	0.0	20	0.0	391.284	1	temp/spectra_filtered.mgf32285	1	LC-ESI	Orbitrap	Crude	Pieter Dorrestein	helenamrusso / mohantyipsita	M+H	391.284	391.284	0						4	Positive	GNPS-BILE-ACID-MODIFICATIONS	391.284	UPDATE-SINGLE-ANNOTATED-BRONZE	Insilico											mzspec:GNPS:GNPS-LIBRARY:CCMSLIB00010239711
dihydroxy_stage1	35066	"""Candidate Dihydroxylated bile acid (delta mass 392.2904; sirius atomic difference: 24C, 40H, 4O; buddy atomic difference: 24C, 40H, 4O; spectral library match to CCMSLIB00010121703, DEOXYCHOLIC ACID CollisionEnergy:205060)"""	CCMSLIB00010218795	spectra_filtered.mgf	GNPS-BILE-ACID-MODIFICATIONS.mgf	0.961828	60314000.0	0	2.4085	19	0.00189209	785.592	1	temp/spectra_filtered.mgf35066	1	LC-ESI	Orbitrap	Crude	Pieter Dorrestein	helenamrusso / mohantyipsita	M+H	785.59	785.59	0						4	Positive	GNPS-BILE-ACID-MODIFICATIONS	785.59	UPDATE-SINGLE-ANNOTATED-BRONZE	Insilico											mzspec:GNPS:GNPS-LIBRARY:CCMSLIB00010218795
Did not pass any BA query (stage1)	32275	"""Candidate Trihydroxylated bile acid (delta mass -54.0316; sirius atomic difference: -6H, -3O; buddy atomic difference: -6H, -3O; spectral library match to CCMSLIB00005464717, """"(4R)-4-((3S,5R,9S,10S,13R,14S,17R)-3-hydroxy-10,13-dimethyl-12-oxohexadecahydro-1H-cyclopenta[a]phenanthren-17-yl)pentanoic acid"""")"""	CCMSLIB00010248924	spectra_filtered.mgf	GNPS-BILE-ACID-MODIFICATIONS.mgf	0.960754	2177000.0	0	0.257704	17	9.15527e-05	355.263	1	temp/spectra_filtered.mgf32275	1	LC-ESI	Orbitrap	Crude	Pieter Dorrestein	helenamrusso / mohantyipsita	M+H	355.263	355.263	0						4	Positive	GNPS-BILE-ACID-MODIFICATIONS	355.263	UPDATE-SINGLE-ANNOTATED-BRONZE	Insilico											mzspec:GNPS:GNPS-LIBRARY:CCMSLIB00010248924
trihydroxy_stage1	32281	"""Candidate Trihydroxylated bile acid (delta mass -36.0207; sirius atomic difference: -4H, -2O; buddy atomic difference: -4H, -2O; spectral library match to CCMSLIB00005788126, Choldienic acid putative)"""	CCMSLIB00010244618	spectra_filtered.mgf	GNPS-BILE-ACID-MODIFICATIONS.mgf	0.956915	3915000.0	0	0.735809	20	0.000274658	373.274	1	temp/spectra_filtered.mgf32281	1	LC-ESI	Orbitrap	Crude	Pieter Dorrestein	helenamrusso / mohantyipsita	M+H	373.274	373.274	0						4	Positive	GNPS-BILE-ACID-MODIFICATIONS	373.274	UPDATE-SINGLE-ANNOTATED-BRONZE	Insilico											mzspec:GNPS:GNPS-LIBRARY:CCMSLIB00010244618
dihydroxy_stage1	35063	"""Candidate Dihydroxylated bile acid (delta mass -54.0324; sirius atomic difference: -6H, -3O; buddy atomic difference: -6H, -3O)"""	CCMSLIB00010254792	spectra_filtered.mgf	GNPS-BILE-ACID-MODIFICATIONS.mgf	0.947518	129000.0	0	3.86791	16	0.00131226	339.268	1	temp/spectra_filtered.mgf35063	1	LC-ESI	Orbitrap	Crude	Pieter Dorrestein	helenamrusso / mohantyipsita	M+H	339.267	339.267	0						4	Positive	GNPS-BILE-ACID-MODIFICATIONS	339.267	UPDATE-SINGLE-ANNOTATED-BRONZE	Insilico											mzspec:GNPS:GNPS-LIBRARY:CCMSLIB00010254792
tetrahydroxy_stage1	24308	"""Candidate Tetrahydroxylated bile acid (delta mass 405.2876; sirius atomic difference: 20C, 35H, 7N, 2O; buddy atomic difference: 24C, 39H, 1N, 4O)"""	CCMSLIB00010218206	spectra_filtered.mgf	GNPS-BILE-ACID-MODIFICATIONS.mgf	0.946517	9562000.0	0	0.367426	20	0.000305176	830.577	1	temp/spectra_filtered.mgf24308	1	LC-ESI	Orbitrap	Crude	Pieter Dorrestein	helenamrusso / mohantyipsita	M+H	830.577	830.577	0						4	Positive	GNPS-BILE-ACID-MODIFICATIONS	830.577	UPDATE-SINGLE-ANNOTATED-BRONZE	Insilico											mzspec:GNPS:GNPS-LIBRARY:CCMSLIB00010218206
trihydroxy_stage1	35863	"""Candidate Trihydroxylated bile acid (delta mass -0.984; sirius atomic difference: 1H, 1N, -1O; buddy atomic difference: 1H, 1N, -1O)"""	CCMSLIB00010236204	spectra_filtered.mgf	GNPS-BILE-ACID-MODIFICATIONS.mgf	0.939308	11450000.0	0	1.49482	16	0.000610352	408.31	1	temp/spectra_filtered.mgf35863	1	LC-ESI	Orbitrap	Crude	Pieter Dorrestein	helenamrusso / mohantyipsita	M+H	408.311	408.311	0						4	Positive	GNPS-BILE-ACID-MODIFICATIONS	408.311	UPDATE-SINGLE-ANNOTATED-BRONZE	Insilico											mzspec:GNPS:GNPS-LIBRARY:CCMSLIB00010236204
Did not pass any BA query (stage1)	33375	"""Candidate Tetrahydroxylated bile acid (delta mass -36.0213; sirius atomic difference: -4H, -2O; buddy atomic difference: -4H, -2O; spectral library match to CCMSLIB00005465139, """"(4R)-4-((3S,5S,7S,9S,10S,13R,14S,17R)-3,7-dihydroxy-10,13-dimethyl-12-oxohexadecahydro-1H-cyclopenta[a]phenanthren-17-yl)pentanoic acid"""")"""	CCMSLIB00010242025	spectra_filtered.mgf	GNPS-BILE-ACID-MODIFICATIONS.mgf	0.938066	3579000.0	0	1.25436	19	0.000488281	389.268	1	temp/spectra_filtered.mgf33375	1	LC-ESI	Orbitrap	Crude	Pieter Dorrestein	helenamrusso / mohantyipsita	M+H	389.268	389.268	0						4	Positive	GNPS-BILE-ACID-MODIFICATIONS	389.268	UPDATE-SINGLE-ANNOTATED-BRONZE	Insilico											mzspec:GNPS:GNPS-LIBRARY:CCMSLIB00010242025
trihydroxy_stage1	34612	"""Candidate Trihydroxylated bile acid (delta mass 117.0214; sirius atomic difference: 4C, 7H, 1N, 1O, 1S; buddy atomic difference: 7C, 3H, 1N, 1O)"""	CCMSLIB00010222958	spectra_filtered.mgf	GNPS-BILE-ACID-MODIFICATIONS.mgf	0.938041	1844700.0	0	0.115967	22	6.10352e-05	526.316	1	temp/spectra_filtered.mgf34612	1	LC-ESI	Orbitrap	Crude	Pieter Dorrestein	helenamrusso / mohantyipsita	M+H	526.316	526.316	0						4	Positive	GNPS-BILE-ACID-MODIFICATIONS	526.316	UPDATE-SINGLE-ANNOTATED-BRONZE	Insilico											mzspec:GNPS:GNPS-LIBRARY:CCMSLIB00010222958
tetrahydroxy_stage1	24325	"""Candidate Tetrahydroxylated bile acid (delta mass -36.0217; sirius atomic difference: -4H, -2O; buddy atomic difference: -4H, -2O)"""	CCMSLIB00010242441	spectra_filtered.mgf	GNPS-BILE-ACID-MODIFICATIONS.mgf	0.936606	2210000.0	0	2.27352	21	0.00088501	389.269	1	temp/spectra_filtered.mgf24325	1	LC-ESI	Orbitrap	Crude	Pieter Dorrestein	helenamrusso / mohantyipsita	M+H	389.268	389.268	0						4	Positive	GNPS-BILE-ACID-MODIFICATIONS	389.268	UPDATE-SINGLE-ANNOTATED-BRONZE	Insilico											mzspec:GNPS:GNPS-LIBRARY:CCMSLIB00010242441
tetrahydroxy_stage1	24157	"""Candidate Tetrahydroxylated bile acid (delta mass -72.0423; sirius atomic difference: -8H, -4O; buddy atomic difference: -8H, -4O)"""	CCMSLIB00010250224	spectra_filtered.mgf	GNPS-BILE-ACID-MODIFICATIONS.mgf	0.936419	1518000.0	0	3.1101	19	0.00109863	353.248	1	temp/spectra_filtered.mgf24157	1	LC-ESI	Orbitrap	Crude	Pieter Dorrestein	helenamrusso / mohantyipsita	M+H	353.247	353.247	0						4	Positive	GNPS-BILE-ACID-MODIFICATIONS	353.247	UPDATE-SINGLE-ANNOTATED-BRONZE	Insilico											mzspec:GNPS:GNPS-LIBRARY:CCMSLIB00010250224
tetrahydroxy_stage1	19591	"""Candidate Tetrahydroxylated bile acid (delta mass -36.0214; sirius atomic difference: -4H, -2O; buddy atomic difference: -4H, -2O; spectral library match to CCMSLIB00005465702, """"(R)-4-((3R,5R,6R,7R,8R,9S,10R,12S,13R,14S,17R)-3,6,7,12-tetrahydroxy-10,13-dimethylhexadecahydro-1H-cyclopenta[a]phenanthren-17-yl)pentanoic acid"""")"""	CCMSLIB00010242103	spectra_filtered.mgf	GNPS-BILE-ACID-MODIFICATIONS.mgf	0.933646	162500.0	0	3.60628	19	0.00140381	389.269	1	temp/spectra_filtered.mgf19591	1	LC-ESI	Orbitrap	Crude	Pieter Dorrestein	helenamrusso / mohantyipsita	M+H	389.268	389.268	0						4	Positive	GNPS-BILE-ACID-MODIFICATIONS	389.268	UPDATE-SINGLE-ANNOTATED-BRONZE	Insilico											mzspec:GNPS:GNPS-LIBRARY:CCMSLIB00010242103
Did not pass any BA query (stage1)	22754	"""Candidate Trihydroxylated bile acid (delta mass -72.1412; sirius atomic difference: -4C, -20H, 2N, -2O; buddy atomic difference: -4C, -20H, 2N, -2O)"""	CCMSLIB00010259769	spectra_filtered.mgf	GNPS-BILE-ACID-MODIFICATIONS.mgf	0.927092	1844100.0	0	2.3534	7	0.000793457	337.155	1	temp/spectra_filtered.mgf22754	1	LC-ESI	Orbitrap	Crude	Pieter Dorrestein	helenamrusso / mohantyipsita	M+H	337.154	337.154	0						4	Positive	GNPS-BILE-ACID-MODIFICATIONS	337.154	UPDATE-SINGLE-ANNOTATED-BRONZE	Insilico											mzspec:GNPS:GNPS-LIBRARY:CCMSLIB00010259769
dihydroxy_stage1	34970	"""Candidate Dihydroxylated bile acid (delta mass -36.0214; sirius atomic difference: -4H, -2O; buddy atomic difference: -4H, -2O; spectral library match to CCMSLIB00005463909, DEOXYCHOLATE)"""	CCMSLIB00010248467	spectra_filtered.mgf	GNPS-BILE-ACID-MODIFICATIONS.mgf	0.925811	12550000.0	0	0.854167	16	0.000305176	357.279	1	temp/spectra_filtered.mgf34970	1	LC-ESI	Orbitrap	Crude	Pieter Dorrestein	helenamrusso / mohantyipsita	M+H	357.279	357.279	0						4	Positive	GNPS-BILE-ACID-MODIFICATIONS	357.279	UPDATE-SINGLE-ANNOTATED-BRONZE	Insilico											mzspec:GNPS:GNPS-LIBRARY:CCMSLIB00010248467
Did not pass any BA query (stage1)	27774	"""Candidate Trihydroxylated bile acid (delta mass 408.287; sirius atomic difference: 24C, 40H, 5O; buddy atomic difference: 24C, 40H, 5O; spectral library match to CCMSLIB00010108868, cholic acid CollisionEnergy:102040)"""	CCMSLIB00010218323	spectra_filtered.mgf	GNPS-BILE-ACID-MODIFICATIONS.mgf	0.922756	8395000.0	0	0.0746533	18	6.10352e-05	817.582	1	temp/spectra_filtered.mgf27774	1	LC-ESI	Orbitrap	Crude	Pieter Dorrestein	helenamrusso / mohantyipsita	M+H	817.582	817.582	0						4	Positive	GNPS-BILE-ACID-MODIFICATIONS	817.582	UPDATE-SINGLE-ANNOTATED-BRONZE	Insilico											mzspec:GNPS:GNPS-LIBRARY:CCMSLIB00010218323
trihydroxy_stage1	26877	"""Candidate Trihydroxylated bile acid (delta mass 39.0116; sirius atomic difference: 2C, -2H; buddy atomic difference: 2C, 1H, 1N)"""	CCMSLIB00010230768	spectra_filtered.mgf	GNPS-BILE-ACID-MODIFICATIONS.mgf	0.917178	521900.0	0	0.476512	19	0.000213623	448.306	1	temp/spectra_filtered.mgf26877	1	LC-ESI	Orbitrap	Crude	Pieter Dorrestein	helenamrusso / mohantyipsita	M+H	448.306	448.306	0						4	Positive	GNPS-BILE-ACID-MODIFICATIONS	448.306	UPDATE-SINGLE-ANNOTATED-BRONZE	Insilico											mzspec:GNPS:GNPS-LIBRARY:CCMSLIB00010230768
Did not pass any BA query (stage1)	21571	"""Candidate Pentahydroxylated bile acid (delta mass -36.0206; sirius atomic difference: -4H, -2O; buddy atomic difference: -4H, -2O; spectral library match to CCMSLIB00005464807, """"(R)-4-((3R,5S,8R,9S,10S,13R,14S,17R)-3-hydroxy-10,13-dimethyl-7,12-dioxohexadecahydro-1H-cyclopenta[a]phenanthren-17-yl)pentanoic acid"""")"""	CCMSLIB00010238269	spectra_filtered.mgf	GNPS-BILE-ACID-MODIFICATIONS.mgf	0.913773	1731000.0	0	3.99106	19	0.00161743	405.262	1	temp/spectra_filtered.mgf21571	1	LC-ESI	Orbitrap	Crude	Pieter Dorrestein	helenamrusso / mohantyipsita	M+H	405.264	405.264	0						4	Positive	GNPS-BILE-ACID-MODIFICATIONS	405.264	UPDATE-SINGLE-ANNOTATED-BRONZE	Insilico											mzspec:GNPS:GNPS-LIBRARY:CCMSLIB00010238269
pentahydroxy_stage1	21717	"""Candidate Pentahydroxylated bile acid (delta mass -54.0319; sirius atomic difference: -6H, -3O; buddy atomic difference: -6H, -3O; spectral library match to CCMSLIB00005464808, """"(R)-4-((3R,5S,8R,9S,10S,13R,14S,17R)-3-hydroxy-10,13-dimethyl-7,12-dioxohexadecahydro-1H-cyclopenta[a]phenanthren-17-yl)pentanoic acid"""")"""	CCMSLIB00010243037	spectra_filtered.mgf	GNPS-BILE-ACID-MODIFICATIONS.mgf	0.913209	359100.0	0	0.0	21	0.0	387.253	1	temp/spectra_filtered.mgf21717	1	LC-ESI	Orbitrap	Crude	Pieter Dorrestein	helenamrusso / mohantyipsita	M+H	387.253	387.253	0						4	Positive	GNPS-BILE-ACID-MODIFICATIONS	387.253	UPDATE-SINGLE-ANNOTATED-BRONZE	Insilico											mzspec:GNPS:GNPS-LIBRARY:CCMSLIB00010243037
trihydroxy_stage1	32224	"""Candidate Trihydroxylated bile acid (delta mass 389.2932; sirius atomic difference: 24C, 39H, 1N, 3O; buddy atomic difference: 24C, 39H, 1N, 3O)"""	CCMSLIB00010218575	spectra_filtered.mgf	GNPS-BILE-ACID-MODIFICATIONS.mgf	0.912138	33501000.0	0	0.993575	20	0.000793457	798.587	1	temp/spectra_filtered.mgf32224	1	LC-ESI	Orbitrap	Crude	Pieter Dorrestein	helenamrusso / mohantyipsita	M+H	798.588	798.588	0						4	Positive	GNPS-BILE-ACID-MODIFICATIONS	798.588	UPDATE-SINGLE-ANNOTATED-BRONZE	Insilico											mzspec:GNPS:GNPS-LIBRARY:CCMSLIB00010218575
tetrahydroxy_stage1	24196	"""Candidate Tetrahydroxylated bile acid (delta mass -0.9839; buddy atomic difference: 1H, 1N, -1O)"""	CCMSLIB00010234159	spectra_filtered.mgf	GNPS-BILE-ACID-MODIFICATIONS.mgf	0.910606	21210000.0	0	1.15078	19	0.000488281	424.306	1	temp/spectra_filtered.mgf24196	1	LC-ESI	Orbitrap	Crude	Pieter Dorrestein	helenamrusso / mohantyipsita	M+H	424.306	424.306	0						4	Positive	GNPS-BILE-ACID-MODIFICATIONS	424.306	UPDATE-SINGLE-ANNOTATED-BRONZE	Insilico											mzspec:GNPS:GNPS-LIBRARY:CCMSLIB00010234159
trihydroxy_stage1	21644	"""Candidate Trihydroxylated bile acid (delta mass -36.0223; sirius atomic difference: -4H, -2O; buddy atomic difference: -4H, -2O; spectral library match to CCMSLIB00005788126, Choldienic acid putative)"""	CCMSLIB00010246252	spectra_filtered.mgf	GNPS-BILE-ACID-MODIFICATIONS.mgf	0.908974	490400.0	0	3.18851	20	0.00119019	373.274	1	temp/spectra_filtered.mgf21644	1	LC-ESI	Orbitrap	Crude	Pieter Dorrestein	helenamrusso / mohantyipsita	M+H	373.273	373.273	0						4	Positive	GNPS-BILE-ACID-MODIFICATIONS	373.273	UPDATE-SINGLE-ANNOTATED-BRONZE	Insilico											mzspec:GNPS:GNPS-LIBRARY:CCMSLIB00010246252
Did not pass any BA query (stage1)	27810	"""Candidate Trihydroxylated bile acid (delta mass -18.0105; sirius atomic difference: -2H, -1O; buddy atomic difference: -2H, -1O; spectral library match to CCMSLIB00010120210, cholic acid CollisionEnergy:205060)"""	CCMSLIB00010239631	spectra_filtered.mgf	GNPS-BILE-ACID-MODIFICATIONS.mgf	0.907954	737200.0	0	0.23398	18	9.15527e-05	391.284	1	temp/spectra_filtered.mgf27810	1	LC-ESI	Orbitrap	Crude	Pieter Dorrestein	helenamrusso / mohantyipsita	M+H	391.284	391.284	0						4	Positive	GNPS-BILE-ACID-MODIFICATIONS	391.284	UPDATE-SINGLE-ANNOTATED-BRONZE	Insilico											mzspec:GNPS:GNPS-LIBRARY:CCMSLIB00010239631
trihydroxy_stage1	30854	"""Candidate Trihydroxylated bile acid (delta mass -18.0105; sirius atomic difference: -2H, -1O; buddy atomic difference: -2H, -1O; spectral library match to CCMSLIB00010120210, cholic acid CollisionEnergy:205060)"""	CCMSLIB00010239631	spectra_filtered.mgf	GNPS-BILE-ACID-MODIFICATIONS.mgf	0.904064	961800.0	0	0.23398	17	9.15527e-05	391.284	1	temp/spectra_filtered.mgf30854	1	LC-ESI	Orbitrap	Crude	Pieter Dorrestein	helenamrusso / mohantyipsita	M+H	391.284	391.284	0						4	Positive	GNPS-BILE-ACID-MODIFICATIONS	391.284	UPDATE-SINGLE-ANNOTATED-BRONZE	Insilico											mzspec:GNPS:GNPS-LIBRARY:CCMSLIB00010239631
tetrahydroxy_stage1	22742	"""Candidate Tetrahydroxylated bile acid (delta mass -18.01; sirius atomic difference: -2H, -1O; buddy atomic difference: -2H, -1O)"""	CCMSLIB00010237078	spectra_filtered.mgf	GNPS-BILE-ACID-MODIFICATIONS.mgf	0.903952	509000.0	0	3.222	16	0.00131226	407.279	1	temp/spectra_filtered.mgf22742	1	LC-ESI	Orbitrap	Crude	Pieter Dorrestein	helenamrusso / mohantyipsita	M+H	407.28	407.28	0						4	Positive	GNPS-BILE-ACID-MODIFICATIONS	407.28	UPDATE-SINGLE-ANNOTATED-BRONZE	Insilico											mzspec:GNPS:GNPS-LIBRARY:CCMSLIB00010237078
trihydroxy_stage1	32263	"""Candidate Trihydroxylated bile acid (delta mass 372.2658; sirius atomic difference: 24C, 36H, 3O; buddy atomic difference: 24C, 36H, 3O; spectral library match to CCMSLIB00005464718, """"(4R)-4-((3S,5R,9S,10S,13R,14S,17R)-3-hydroxy-10,13-dimethyl-12-oxohexadecahydro-1H-cyclopenta[a]phenanthren-17-yl)pentanoic acid"""")"""	CCMSLIB00010218848	spectra_filtered.mgf	GNPS-BILE-ACID-MODIFICATIONS.mgf	0.90249	707400.0	0	1.01522	19	0.000793457	781.56	1	temp/spectra_filtered.mgf32263	1	LC-ESI	Orbitrap	Crude	Pieter Dorrestein	helenamrusso / mohantyipsita	M+H	781.561	781.561	0						4	Positive	GNPS-BILE-ACID-MODIFICATIONS	781.561	UPDATE-SINGLE-ANNOTATED-BRONZE	Insilico											mzspec:GNPS:GNPS-LIBRARY:CCMSLIB00010218848
monohydroxy_stage1	41087	"""Candidate Monohydroxylated bile acid (delta mass 135.0328; sirius atomic difference: 7C, 5H, 1N, 2O; buddy atomic difference: 7C, 5H, 1N, 2O)"""	CCMSLIB00010223636	spectra_filtered.mgf	GNPS-BILE-ACID-MODIFICATIONS.mgf	0.900552	813200.0	0	0.0	19	0.0	512.338	1	temp/spectra_filtered.mgf41087	1	LC-ESI	Orbitrap	Crude	Pieter Dorrestein	helenamrusso / mohantyipsita	M+H	512.338	512.338	0						4	Positive	GNPS-BILE-ACID-MODIFICATIONS	512.338	UPDATE-SINGLE-ANNOTATED-BRONZE	Insilico											mzspec:GNPS:GNPS-LIBRARY:CCMSLIB00010223636
trihydroxy_stage1	20569	"""Candidate Trihydroxylated bile acid (delta mass -36.0218; sirius atomic difference: -4H, -2O; buddy atomic difference: -4H, -2O; spectral library match to CCMSLIB00005788126, Choldienic acid putative)"""	CCMSLIB00010246148	spectra_filtered.mgf	GNPS-BILE-ACID-MODIFICATIONS.mgf	0.899237	740100.0	0	3.76081	18	0.00140381	373.274	1	temp/spectra_filtered.mgf20569	1	LC-ESI	Orbitrap	Crude	Pieter Dorrestein	helenamrusso / mohantyipsita	M+H	373.273	373.273	0						4	Positive	GNPS-BILE-ACID-MODIFICATIONS	373.273	UPDATE-SINGLE-ANNOTATED-BRONZE	Insilico											mzspec:GNPS:GNPS-LIBRARY:CCMSLIB00010246148
tetrahydroxy_stage1	24211	"""Candidate Tetrahydroxylated bile acid (delta mass 388.2618; sirius atomic difference: 24C, 36H, 4O; buddy atomic difference: 25C, 32H, 4N)"""	CCMSLIB00010218446	spectra_filtered.mgf	GNPS-BILE-ACID-MODIFICATIONS.mgf	0.898549	1330500.0	0	2.10065	16	0.00170898	813.55	1	temp/spectra_filtered.mgf24211	1	LC-ESI	Orbitrap	Crude	Pieter Dorrestein	helenamrusso / mohantyipsita	M+H	813.552	813.552	0						4	Positive	GNPS-BILE-ACID-MODIFICATIONS	813.552	UPDATE-SINGLE-ANNOTATED-BRONZE	Insilico											mzspec:GNPS:GNPS-LIBRARY:CCMSLIB00010218446
tetrahydroxy_stage1	17720	"""Candidate Tetrahydroxylated bile acid (delta mass -54.0304; sirius atomic difference: -6H, -3O; buddy atomic difference: -6H, -3O)"""	CCMSLIB00010246509	spectra_filtered.mgf	GNPS-BILE-ACID-MODIFICATIONS.mgf	0.896232	324300.0	0	0.575402	17	0.000213623	371.259	1	temp/spectra_filtered.mgf17720	1	LC-ESI	Orbitrap	Crude	Pieter Dorrestein	helenamrusso / mohantyipsita	M+H	371.259	371.259	0						4	Positive	GNPS-BILE-ACID-MODIFICATIONS	371.259	UPDATE-SINGLE-ANNOTATED-BRONZE	Insilico											mzspec:GNPS:GNPS-LIBRARY:CCMSLIB00010246509
trihydroxy_stage1	22662	"""Candidate Trihydroxylated bile acid (delta mass 74.0479; sirius atomic difference: 2C, 6H, 2N, 1O; buddy atomic difference: 2C, 6H, 2N, 1O)"""	CCMSLIB00010225064	spectra_filtered.mgf	GNPS-BILE-ACID-MODIFICATIONS.mgf	0.894097	1185300.0	0	0.568247	23	0.000274658	483.343	1	temp/spectra_filtered.mgf22662	1	LC-ESI	Orbitrap	Crude	Pieter Dorrestein	helenamrusso / mohantyipsita	M+H	483.343	483.343	0						4	Positive	GNPS-BILE-ACID-MODIFICATIONS	483.343	UPDATE-SINGLE-ANNOTATED-BRONZE	Insilico											mzspec:GNPS:GNPS-LIBRARY:CCMSLIB00010225064
dihydroxy_stage1	31663	Dihydroxylated bile acid - Chenodeoxycholyl-5-aminovalerate	CCMSLIB00010217378	spectra_filtered.mgf	GNPS-BILE-ACID-MODIFICATIONS.mgf	0.893644	319100.0	0	0.805756	13	0.000396729	492.368	1	temp/spectra_filtered.mgf31663	1	LC-ESI	Orbitrap	Other	Pieter Dorrestein	helenamrusso / mohantyipsita	M+H	492.368	492.368	0			O[C@@H]1CC[C@]2(C)[C@@]3([H])CC[C@]4(C)[C@@H]([C@H](C)CCC(NCCCCC(O)=O)=O)CC[C@@]4([H])[C@]3([H])[C@H](O)CC2C1	InChI=1S/C29H49NO5/c1-18(7-10-25(33)30-15-5-4-6-26(34)35)21-8-9-22-27-23(12-14-29(21,22)3)28(2)13-11-20(31)16-19(28)17-24(27)32/h18-24,27,31-32H,4-17H2,1-3H3,(H,30,33)(H,34,35)/t18-,19?,20-,21-,22+,23+,24-,27+,28+,29-/m1/s1		2	Positive	GNPS-BILE-ACID-MODIFICATIONS	492.368	UPDATE-SINGLE-ANNOTATED-SILVER	Silver		C29H49NO5	AALAHUXOORKJHH-GYSUKEGLSA-N	AALAHUXOORKJHH	Lipids and lipid-like molecules	Steroids and steroid derivatives	Bile acids, alcohols and derivatives	Steroids	Cholane steroids	Terpenoids	mzspec:GNPS:GNPS-LIBRARY:CCMSLIB00010217378
Did not pass any BA query (stage1)	20681	"""Candidate Trihydroxylated bile acid (delta mass 408.287; sirius atomic difference: 24C, 40H, 5O; buddy atomic difference: 24C, 40H, 5O; spectral library match to CCMSLIB00010108868, cholic acid CollisionEnergy:102040)"""	CCMSLIB00010218323	spectra_filtered.mgf	GNPS-BILE-ACID-MODIFICATIONS.mgf	0.893521	4140700.0	0	0.22396	19	0.000183105	817.582	1	temp/spectra_filtered.mgf20681	1	LC-ESI	Orbitrap	Crude	Pieter Dorrestein	helenamrusso / mohantyipsita	M+H	817.582	817.582	0						4	Positive	GNPS-BILE-ACID-MODIFICATIONS	817.582	UPDATE-SINGLE-ANNOTATED-BRONZE	Insilico											mzspec:GNPS:GNPS-LIBRARY:CCMSLIB00010218323
trihydroxy_stage1	32363	"""Candidate Trihydroxylated bile acid (delta mass 13.0326; sirius atomic difference: 1C, 3H, 1N, -1O; buddy atomic difference: 1C, 3H, 1N, -1O)"""	CCMSLIB00010234463	spectra_filtered.mgf	GNPS-BILE-ACID-MODIFICATIONS.mgf	0.891032	206800.0	0	4.26336	18	0.00180054	422.326	1	temp/spectra_filtered.mgf32363	1	LC-ESI	Orbitrap	Crude	Pieter Dorrestein	helenamrusso / mohantyipsita	M+H	422.328	422.328	0						4	Positive	GNPS-BILE-ACID-MODIFICATIONS	422.328	UPDATE-SINGLE-ANNOTATED-BRONZE	Insilico											mzspec:GNPS:GNPS-LIBRARY:CCMSLIB00010234463
Did not pass any BA query (stage1)	33374	"""Candidate Tetrahydroxylated bile acid (delta mass -54.0314; sirius atomic difference: -6H, -3O; buddy atomic difference: -6H, -3O; spectral library match to CCMSLIB00005464788, """"(R)-4-((3S,5S,7R,8R,9S,10S,13R,14S,17R)-3,7-dihydroxy-10,13-dimethyl-12-oxohexadecahydro-1H-cyclopenta[a]phenanthren-17-yl)pentanoic acid"""")"""	CCMSLIB00010246829	spectra_filtered.mgf	GNPS-BILE-ACID-MODIFICATIONS.mgf	0.890974	1483900.0	0	0.0	15	0.0	371.258	1	temp/spectra_filtered.mgf33374	1	LC-ESI	Orbitrap	Crude	Pieter Dorrestein	helenamrusso / mohantyipsita	M+H	371.258	371.258	0						4	Positive	GNPS-BILE-ACID-MODIFICATIONS	371.258	UPDATE-SINGLE-ANNOTATED-BRONZE	Insilico											mzspec:GNPS:GNPS-LIBRARY:CCMSLIB00010246829
tetrahydroxy_stage1	24594	"""Candidate Tetrahydroxylated bile acid (delta mass -18.0108; sirius atomic difference: -2H, -1O; buddy atomic difference: -2H, -1O; spectral library match to CCMSLIB00006581917, """"3alpha,7alpha-dihydroxy-12-oxo-5beta-cholanic acid"""")"""	CCMSLIB00010237698	spectra_filtered.mgf	GNPS-BILE-ACID-MODIFICATIONS.mgf	0.890609	3721000.0	0	0.449582	21	0.000183105	407.279	1	temp/spectra_filtered.mgf24594	1	LC-ESI	Orbitrap	Crude	Pieter Dorrestein	helenamrusso / mohantyipsita	M+H	407.279	407.279	0						4	Positive	GNPS-BILE-ACID-MODIFICATIONS	407.279	UPDATE-SINGLE-ANNOTATED-BRONZE	Insilico											mzspec:GNPS:GNPS-LIBRARY:CCMSLIB00010237698
trihydroxy_stage1	20570	"""Candidate Trihydroxylated bile acid (delta mass -18.0105; sirius atomic difference: -2H, -1O; buddy atomic difference: -2H, -1O; spectral library match to CCMSLIB00010120210, cholic acid CollisionEnergy:205060)"""	CCMSLIB00010239631	spectra_filtered.mgf	GNPS-BILE-ACID-MODIFICATIONS.mgf	0.889562	635700.0	0	1.24789	18	0.000488281	391.284	1	temp/spectra_filtered.mgf20570	1	LC-ESI	Orbitrap	Crude	Pieter Dorrestein	helenamrusso / mohantyipsita	M+H	391.284	391.284	0						4	Positive	GNPS-BILE-ACID-MODIFICATIONS	391.284	UPDATE-SINGLE-ANNOTATED-BRONZE	Insilico											mzspec:GNPS:GNPS-LIBRARY:CCMSLIB00010239631
tetrahydroxy_stage1	24188	"""Candidate Tetrahydroxylated bile acid (delta mass -54.032; sirius atomic difference: -6H, -3O; buddy atomic difference: -6H, -3O)"""	CCMSLIB00010247627	spectra_filtered.mgf	GNPS-BILE-ACID-MODIFICATIONS.mgf	0.888725	640100.0	0	1.89061	16	0.000701904	371.259	1	temp/spectra_filtered.mgf24188	1	LC-ESI	Orbitrap	Crude	Pieter Dorrestein	helenamrusso / mohantyipsita	M+H	371.258	371.258	0						4	Positive	GNPS-BILE-ACID-MODIFICATIONS	371.258	UPDATE-SINGLE-ANNOTATED-BRONZE	Insilico											mzspec:GNPS:GNPS-LIBRARY:CCMSLIB00010247627
tetrahydroxy_stage1	19831	"""Candidate Tetrahydroxylated bile acid (delta mass -18.011; sirius atomic difference: -2H, -1O; buddy atomic difference: -2H, -1O; spectral library match to CCMSLIB00006581917, """"3alpha,7alpha-dihydroxy-12-oxo-5beta-cholanic acid"""")"""	CCMSLIB00010237806	spectra_filtered.mgf	GNPS-BILE-ACID-MODIFICATIONS.mgf	0.888411	2913000.0	0	0.224791	19	9.15527e-05	407.279	1	temp/spectra_filtered.mgf19831	1	LC-ESI	Orbitrap	Crude	Pieter Dorrestein	helenamrusso / mohantyipsita	M+H	407.279	407.279	0						4	Positive	GNPS-BILE-ACID-MODIFICATIONS	407.279	UPDATE-SINGLE-ANNOTATED-BRONZE	Insilico											mzspec:GNPS:GNPS-LIBRARY:CCMSLIB00010237806
trihydroxy_stage1	20624	"""Candidate Trihydroxylated bile acid (delta mass 128.0575; sirius atomic difference: 5C, 8H, 2N, 2O; buddy atomic difference: 5C, 8H, 2N, 2O; spectral library match to CCMSLIB00006582256, Gln-CA)"""	CCMSLIB00010222460	spectra_filtered.mgf	GNPS-BILE-ACID-MODIFICATIONS.mgf	0.887271	212300.0	0	0.567925	15	0.000305176	537.352	1	temp/spectra_filtered.mgf20624	1	LC-ESI	Orbitrap	Crude	Pieter Dorrestein	helenamrusso / mohantyipsita	M+H	537.352	537.352	0						4	Positive	GNPS-BILE-ACID-MODIFICATIONS	537.352	UPDATE-SINGLE-ANNOTATED-BRONZE	Insilico											mzspec:GNPS:GNPS-LIBRARY:CCMSLIB00010222460
trihydroxy_stage1	22772	"""Candidate Trihydroxylated bile acid (delta mass 39.0106; sirius atomic difference: 2C, 1H, 1N; buddy atomic difference: 2C, 1H, 1N; spectral library match to CCMSLIB00005435514, glycocholic acid)"""	CCMSLIB00010230830	spectra_filtered.mgf	GNPS-BILE-ACID-MODIFICATIONS.mgf	0.885782	210200.0	0	0.88495	17	0.000396729	448.306	1	temp/spectra_filtered.mgf22772	1	LC-ESI	Orbitrap	Crude	Pieter Dorrestein	helenamrusso / mohantyipsita	M+H	448.306	448.306	0						4	Positive	GNPS-BILE-ACID-MODIFICATIONS	448.306	UPDATE-SINGLE-ANNOTATED-BRONZE	Insilico											mzspec:GNPS:GNPS-LIBRARY:CCMSLIB00010230830
Did not pass any BA query (stage1)	35153	"""Candidate Dihydroxylated bile acid (delta mass 409.3193; sirius atomic difference: 16C, 35H, 13N; buddy atomic difference: 24C, 43H, 1N, 4O)"""	CCMSLIB00010218520	spectra_filtered.mgf	GNPS-BILE-ACID-MODIFICATIONS.mgf	0.882879	2833000.0	0	0.988585	16	0.000793457	802.618	1	temp/spectra_filtered.mgf35153	1	LC-ESI	Orbitrap	Crude	Pieter Dorrestein	helenamrusso / mohantyipsita	M+H	802.619	802.619	0						4	Positive	GNPS-BILE-ACID-MODIFICATIONS	802.619	UPDATE-SINGLE-ANNOTATED-BRONZE	Insilico											mzspec:GNPS:GNPS-LIBRARY:CCMSLIB00010218520
tetrahydroxy_stage1	27437	"""Candidate Tetrahydroxylated bile acid (delta mass -0.9839; buddy atomic difference: 1H, 1N, -1O)"""	CCMSLIB00010234159	spectra_filtered.mgf	GNPS-BILE-ACID-MODIFICATIONS.mgf	0.882651	7366000.0	0	1.65424	21	0.000701904	424.305	1	temp/spectra_filtered.mgf27437	1	LC-ESI	Orbitrap	Crude	Pieter Dorrestein	helenamrusso / mohantyipsita	M+H	424.306	424.306	0						4	Positive	GNPS-BILE-ACID-MODIFICATIONS	424.306	UPDATE-SINGLE-ANNOTATED-BRONZE	Insilico											mzspec:GNPS:GNPS-LIBRARY:CCMSLIB00010234159
dihydroxy_stage1	35038	"""Candidate Dihydroxylated bile acid (delta mass -18.0109; sirius atomic difference: -2H, -1O; buddy atomic difference: -2H, -1O; spectral library match to CCMSLIB00010121707, DEOXYCHOLIC ACID CollisionEnergy:205060)"""	CCMSLIB00010243844	spectra_filtered.mgf	GNPS-BILE-ACID-MODIFICATIONS.mgf	0.88264	1846700.0	0	0.569223	18	0.000213623	375.289	1	temp/spectra_filtered.mgf35038	1	LC-ESI	Orbitrap	Crude	Pieter Dorrestein	helenamrusso / mohantyipsita	M+H	375.289	375.289	0						4	Positive	GNPS-BILE-ACID-MODIFICATIONS	375.289	UPDATE-SINGLE-ANNOTATED-BRONZE	Insilico											mzspec:GNPS:GNPS-LIBRARY:CCMSLIB00010243844
trihydroxy_stage1	32290	"""Candidate Trihydroxylated bile acid (delta mass -72.0423; sirius atomic difference: -8H, -4O; buddy atomic difference: -8H, -4O)"""	CCMSLIB00010255912	spectra_filtered.mgf	GNPS-BILE-ACID-MODIFICATIONS.mgf	0.873928	96900.0	0	0.904887	16	0.000305176	337.253	1	temp/spectra_filtered.mgf32290	1	LC-ESI	Orbitrap	Crude	Pieter Dorrestein	helenamrusso / mohantyipsita	M+H	337.253	337.253	0						4	Positive	GNPS-BILE-ACID-MODIFICATIONS	337.253	UPDATE-SINGLE-ANNOTATED-BRONZE	Insilico											mzspec:GNPS:GNPS-LIBRARY:CCMSLIB00010255912
Did not pass any BA query (stage1)	27827	"""Candidate Trihydroxylated bile acid (delta mass -54.0315; sirius atomic difference: -6H, -3O; buddy atomic difference: -6H, -3O; spectral library match to CCMSLIB00003136615, Spectral Match to Cholic acid from NIST14)"""	CCMSLIB00010248882	spectra_filtered.mgf	GNPS-BILE-ACID-MODIFICATIONS.mgf	0.867107	4190000.0	0	0.859014	17	0.000305176	355.263	1	temp/spectra_filtered.mgf27827	1	LC-ESI	Orbitrap	Crude	Pieter Dorrestein	helenamrusso / mohantyipsita	M+H	355.263	355.263	0						4	Positive	GNPS-BILE-ACID-MODIFICATIONS	355.263	UPDATE-SINGLE-ANNOTATED-BRONZE	Insilico											mzspec:GNPS:GNPS-LIBRARY:CCMSLIB00010248882
Did not pass any BA query (stage1)	21568	"""Candidate Tetrahydroxylated bile acid (delta mass -18.0108; sirius atomic difference: -2H, -1O; buddy atomic difference: -2H, -1O; spectral library match to CCMSLIB00006581917, """"3alpha,7alpha-dihydroxy-12-oxo-5beta-cholanic acid"""")"""	CCMSLIB00010237698	spectra_filtered.mgf	GNPS-BILE-ACID-MODIFICATIONS.mgf	0.866199	232900.0	0	0.749304	20	0.000305176	407.279	1	temp/spectra_filtered.mgf21568	1	LC-ESI	Orbitrap	Crude	Pieter Dorrestein	helenamrusso / mohantyipsita	M+H	407.279	407.279	0						4	Positive	GNPS-BILE-ACID-MODIFICATIONS	407.279	UPDATE-SINGLE-ANNOTATED-BRONZE	Insilico											mzspec:GNPS:GNPS-LIBRARY:CCMSLIB00010237698
trihydroxy_stage1	30438	"""Candidate Trihydroxylated bile acid (delta mass 135.0319; sirius atomic difference: 7C, 5H, 1N, 2O; buddy atomic difference: 7C, 5H, 1N, 2O)"""	CCMSLIB00010222275	spectra_filtered.mgf	GNPS-BILE-ACID-MODIFICATIONS.mgf	0.865505	5394600.0	0	1.79407	23	0.000976562	544.328	1	temp/spectra_filtered.mgf30438	1	LC-ESI	Orbitrap	Crude	Pieter Dorrestein	helenamrusso / mohantyipsita	M+H	544.327	544.327	0						4	Positive	GNPS-BILE-ACID-MODIFICATIONS	544.327	UPDATE-SINGLE-ANNOTATED-BRONZE	Insilico											mzspec:GNPS:GNPS-LIBRARY:CCMSLIB00010222275
dihydroxy_stage1	28907	"""Candidate Dihydroxylated bile acid (delta mass 39.0107; sirius atomic difference: 2C, 1H, 1N; buddy atomic difference: 2C, 1H, 1N; spectral library match to CCMSLIB00005464545, GLYCOCHENODEOXYCHOLATE)"""	CCMSLIB00010231971	spectra_filtered.mgf	GNPS-BILE-ACID-MODIFICATIONS.mgf	0.864606	492200.0	0	0.211775	14	9.15527e-05	432.311	1	temp/spectra_filtered.mgf28907	1	LC-ESI	Orbitrap	Crude	Pieter Dorrestein	helenamrusso / mohantyipsita	M+H	432.311	432.311	0						4	Positive	GNPS-BILE-ACID-MODIFICATIONS	432.311	UPDATE-SINGLE-ANNOTATED-BRONZE	Insilico											mzspec:GNPS:GNPS-LIBRARY:CCMSLIB00010231971
trihydroxy_stage1	20614	"""Candidate Trihydroxylated bile acid (delta mass -54.0318; sirius atomic difference: -6H, -3O; buddy atomic difference: -6H, -3O; spectral library match to CCMSLIB00003139523, Spectral Match to Cholic acid from NIST14)"""	CCMSLIB00010249061	spectra_filtered.mgf	GNPS-BILE-ACID-MODIFICATIONS.mgf	0.864096	376600.0	0	2.23344	16	0.000793457	355.264	1	temp/spectra_filtered.mgf20614	1	LC-ESI	Orbitrap	Crude	Pieter Dorrestein	helenamrusso / mohantyipsita	M+H	355.263	355.263	0						4	Positive	GNPS-BILE-ACID-MODIFICATIONS	355.263	UPDATE-SINGLE-ANNOTATED-BRONZE	Insilico											mzspec:GNPS:GNPS-LIBRARY:CCMSLIB00010249061
Did not pass any BA query (stage1)	34997	"""Candidate Dihydroxylated bile acid (delta mass 374.2812; sirius atomic difference: 24C, 38H, 3O; buddy atomic difference: 24C, 38H, 3O)"""	CCMSLIB00010219025	spectra_filtered.mgf	GNPS-BILE-ACID-MODIFICATIONS.mgf	0.863043	173800.0	0	0.397581	12	0.000305176	767.581	1	temp/spectra_filtered.mgf34997	1	LC-ESI	Orbitrap	Crude	Pieter Dorrestein	helenamrusso / mohantyipsita	M+H	767.581	767.581	0						4	Positive	GNPS-BILE-ACID-MODIFICATIONS	767.581	UPDATE-SINGLE-ANNOTATED-BRONZE	Insilico											mzspec:GNPS:GNPS-LIBRARY:CCMSLIB00010219025
dihydroxy_stage1	35125	"""Candidate Dihydroxylated bile acid (delta mass 17.0279; sirius atomic difference: 3H, 1N; buddy atomic difference: 3H, 1N)"""	CCMSLIB00010235714	spectra_filtered.mgf	GNPS-BILE-ACID-MODIFICATIONS.mgf	0.86229	3234000.0	0	4.38804	17	0.00180054	410.326	1	temp/spectra_filtered.mgf35125	1	LC-ESI	Orbitrap	Crude	Pieter Dorrestein	helenamrusso / mohantyipsita	M+H	410.328	410.328	0						4	Positive	GNPS-BILE-ACID-MODIFICATIONS	410.328	UPDATE-SINGLE-ANNOTATED-BRONZE	Insilico											mzspec:GNPS:GNPS-LIBRARY:CCMSLIB00010235714
tetrahydroxy_stage1	17721	"""Candidate Tetrahydroxylated bile acid (delta mass -36.0212; sirius atomic difference: -4H, -2O; buddy atomic difference: -4H, -2O; spectral library match to CCMSLIB00005465784, """"(R)-4-((1R,3S,5S,7R,8S,9S,10S,12S,13R,14S,17R)-1,3,7,12-tetrahydroxy-10,13-dimethylhexadecahydro-1H-cyclopenta[a]phenanthren-17-yl)pentanoic acid"""")"""	CCMSLIB00010241746	spectra_filtered.mgf	GNPS-BILE-ACID-MODIFICATIONS.mgf	0.859453	371400.0	0	0.235191	18	9.15527e-05	389.269	1	temp/spectra_filtered.mgf17721	1	LC-ESI	Orbitrap	Crude	Pieter Dorrestein	helenamrusso / mohantyipsita	M+H	389.269	389.269	0						4	Positive	GNPS-BILE-ACID-MODIFICATIONS	389.269	UPDATE-SINGLE-ANNOTATED-BRONZE	Insilico											mzspec:GNPS:GNPS-LIBRARY:CCMSLIB00010241746
dihydroxy_stage1	23172	"""Candidate Dihydroxylated bile acid (delta mass -0.9844; sirius atomic difference: 1H, 1N, -1O; buddy atomic difference: 1H, 1N, -1O)"""	CCMSLIB00010238929	spectra_filtered.mgf	GNPS-BILE-ACID-MODIFICATIONS.mgf	0.858868	1539300.0	0	1.55577	18	0.000610352	392.316	1	temp/spectra_filtered.mgf23172	1	LC-ESI	Orbitrap	Crude	Pieter Dorrestein	helenamrusso / mohantyipsita	M+H	392.315	392.315	0						4	Positive	GNPS-BILE-ACID-MODIFICATIONS	392.315	UPDATE-SINGLE-ANNOTATED-BRONZE	Insilico											mzspec:GNPS:GNPS-LIBRARY:CCMSLIB00010238929
Did not pass any BA query (stage1)	17338	"""Candidate Trihydroxylated bile acid (delta mass 168.0727; sirius atomic difference: 9C, 12H, 3O; buddy atomic difference: 8C, 12H, 2N, 1S)"""	CCMSLIB00010221681	spectra_filtered.mgf	GNPS-BILE-ACID-MODIFICATIONS.mgf	0.852202	657300.0	0	0.105713	10	576.361	577.368	2	temp/spectra_filtered.mgf17338	1	LC-ESI	Orbitrap	Crude	Pieter Dorrestein	helenamrusso / mohantyipsita	M+H	577.368	577.368	0						4	Positive	GNPS-BILE-ACID-MODIFICATIONS	577.368	UPDATE-SINGLE-ANNOTATED-BRONZE	Insilico											mzspec:GNPS:GNPS-LIBRARY:CCMSLIB00010221681
trihydroxy_stage1	34489	"""Candidate Trihydroxylated bile acid (delta mass 31.0427; buddy atomic difference: 1C, 5H, 1N)"""	CCMSLIB00010231594	spectra_filtered.mgf	GNPS-BILE-ACID-MODIFICATIONS.mgf	0.851127	213500.0	0	2.7722	16	0.0012207	440.337	1	temp/spectra_filtered.mgf34489	1	LC-ESI	Orbitrap	Crude	Pieter Dorrestein	helenamrusso / mohantyipsita	M+H	440.338	440.338	0						4	Positive	GNPS-BILE-ACID-MODIFICATIONS	440.338	UPDATE-SINGLE-ANNOTATED-BRONZE	Insilico											mzspec:GNPS:GNPS-LIBRARY:CCMSLIB00010231594
tetrahydroxy_stage1	16692	"""Candidate Tetrahydroxylated bile acid (delta mass 106.02; sirius atomic difference: 8C, 4H, -1O; buddy atomic difference: 11C, -2H, 4N, -5O)"""	CCMSLIB00010222809	spectra_filtered.mgf	GNPS-BILE-ACID-MODIFICATIONS.mgf	0.850743	171500.0	0	2.06778	17	0.00109863	531.311	1	temp/spectra_filtered.mgf16692	1	LC-ESI	Orbitrap	Crude	Pieter Dorrestein	helenamrusso / mohantyipsita	M+H	531.31	531.31	0						4	Positive	GNPS-BILE-ACID-MODIFICATIONS	531.31	UPDATE-SINGLE-ANNOTATED-BRONZE	Insilico											mzspec:GNPS:GNPS-LIBRARY:CCMSLIB00010222809
dihydroxy_stage1	31853	"""Candidate Dihydroxylated bile acid (delta mass -18.0105; sirius atomic difference: -2H, -1O; buddy atomic difference: -2H, -1O; spectral library match to CCMSLIB00010110367, DEOXYCHOLIC ACID CollisionEnergy:102040)"""	CCMSLIB00010243673	spectra_filtered.mgf	GNPS-BILE-ACID-MODIFICATIONS.mgf	0.849038	49400.0	0	0.813175	12	0.000305176	375.289	1	temp/spectra_filtered.mgf31853	1	LC-ESI	Orbitrap	Crude	Pieter Dorrestein	helenamrusso / mohantyipsita	M+H	375.289	375.289	0						4	Positive	GNPS-BILE-ACID-MODIFICATIONS	375.289	UPDATE-SINGLE-ANNOTATED-BRONZE	Insilico											mzspec:GNPS:GNPS-LIBRARY:CCMSLIB00010243673
Did not pass any BA query (stage1)	20199	Candidate Trihydroxylated bile acid (delta mass 119.5451)	CCMSLIB00010222885	spectra_filtered.mgf	GNPS-BILE-ACID-MODIFICATIONS.mgf	0.847368	32540000.0	0	4.3857	15	527.828	528.838	2	temp/spectra_filtered.mgf20199	1	LC-ESI	Orbitrap	Crude	Pieter Dorrestein	helenamrusso / mohantyipsita	M+H	528.84	528.84	0						4	Positive	GNPS-BILE-ACID-MODIFICATIONS	528.84	UPDATE-SINGLE-ANNOTATED-BRONZE	Insilico											mzspec:GNPS:GNPS-LIBRARY:CCMSLIB00010222885
pentahydroxy_stage1	16399	"""Candidate Pentahydroxylated bile acid (delta mass -0.9846; sirius atomic difference: 1H, 1N, -1O; buddy atomic difference: 1C, -3H, 5N, -5O)"""	CCMSLIB00010231605	spectra_filtered.mgf	GNPS-BILE-ACID-MODIFICATIONS.mgf	0.846572	156500.0	0	1.17829	16	0.000518799	440.301	1	temp/spectra_filtered.mgf16399	1	LC-ESI	Orbitrap	Crude	Pieter Dorrestein	helenamrusso / mohantyipsita	M+H	440.3	440.3	0						4	Positive	GNPS-BILE-ACID-MODIFICATIONS	440.3	UPDATE-SINGLE-ANNOTATED-BRONZE	Insilico											mzspec:GNPS:GNPS-LIBRARY:CCMSLIB00010231605
dihydroxy_stage1	28756	"""Candidate Dihydroxylated bile acid (delta mass 20.9999; sirius atomic difference: 2C, -1H, 1N, -1O; buddy atomic difference: 2C, -1H, 1N, -1O; spectral library match to CCMSLIB00005464547, GLYCOCHENODEOXYCHOLATE)"""	CCMSLIB00010235157	spectra_filtered.mgf	GNPS-BILE-ACID-MODIFICATIONS.mgf	0.845416	322500.0	0	0.515624	12	0.000213623	414.3	1	temp/spectra_filtered.mgf28756	1	LC-ESI	Orbitrap	Crude	Pieter Dorrestein	helenamrusso / mohantyipsita	M+H	414.3	414.3	0						4	Positive	GNPS-BILE-ACID-MODIFICATIONS	414.3	UPDATE-SINGLE-ANNOTATED-BRONZE	Insilico											mzspec:GNPS:GNPS-LIBRARY:CCMSLIB00010235157
Did not pass any BA query (stage1)	21971	"""Candidate Dihydroxylated bile acid (delta mass 185.1201; sirius atomic difference: 8C, 15H, 3N, 2O; buddy atomic difference: 8C, 15H, 3N, 2O)"""	CCMSLIB00010221655	spectra_filtered.mgf	GNPS-BILE-ACID-MODIFICATIONS.mgf	0.84476	71100.0	0	6.85883	7	0.00396729	578.416	1	temp/spectra_filtered.mgf21971	1	LC-ESI	Orbitrap	Crude	Pieter Dorrestein	helenamrusso / mohantyipsita	M+H	578.42	578.42	0						4	Positive	GNPS-BILE-ACID-MODIFICATIONS	578.42	UPDATE-SINGLE-ANNOTATED-BRONZE	Insilico											mzspec:GNPS:GNPS-LIBRARY:CCMSLIB00010221655
dihydroxy_stage1	37125	"""Candidate Dihydroxylated bile acid (delta mass 135.033; sirius atomic difference: 7C, 5H, 1N, 2O; buddy atomic difference: 7C, 5H, 1N, 2O)"""	CCMSLIB00010222900	spectra_filtered.mgf	GNPS-BILE-ACID-MODIFICATIONS.mgf	0.844618	7680000.0	0	2.426	22	0.00128174	528.332	1	temp/spectra_filtered.mgf37125	1	LC-ESI	Orbitrap	Crude	Pieter Dorrestein	helenamrusso / mohantyipsita	M+H	528.333	528.333	0						4	Positive	GNPS-BILE-ACID-MODIFICATIONS	528.333	UPDATE-SINGLE-ANNOTATED-BRONZE	Insilico											mzspec:GNPS:GNPS-LIBRARY:CCMSLIB00010222900
Did not pass any BA query (stage1)	35842	"""Candidate Dihydroxylated bile acid (delta mass -55.0102; buddy atomic difference: -6C, -5H, 5N, -3O)"""	CCMSLIB00010255077	spectra_filtered.mgf	GNPS-BILE-ACID-MODIFICATIONS.mgf	0.843112	146000.0	0	0.360845	9	0.00012207	338.29	1	temp/spectra_filtered.mgf35842	1	LC-ESI	Orbitrap	Crude	Pieter Dorrestein	helenamrusso / mohantyipsita	M+H	338.29	338.29	0						4	Positive	GNPS-BILE-ACID-MODIFICATIONS	338.29	UPDATE-SINGLE-ANNOTATED-BRONZE	Insilico											mzspec:GNPS:GNPS-LIBRARY:CCMSLIB00010255077
Did not pass any BA query (stage1)	16481	"""Candidate Tetrahydroxylated bile acid (delta mass 39.0099; sirius atomic difference: 2C, 1H, 1N; buddy atomic difference: 2C, 1H, 1N)"""	CCMSLIB00010227781	spectra_filtered.mgf	GNPS-BILE-ACID-MODIFICATIONS.mgf	0.842277	125960000.0	0	0.0	12	926.585	464.3	3	temp/spectra_filtered.mgf16481	1	LC-ESI	Orbitrap	Crude	Pieter Dorrestein	helenamrusso / mohantyipsita	M+H	464.3	464.3	0						4	Positive	GNPS-BILE-ACID-MODIFICATIONS	464.3	UPDATE-SINGLE-ANNOTATED-BRONZE	Insilico											mzspec:GNPS:GNPS-LIBRARY:CCMSLIB00010227781
trihydroxy_stage1	24343	"""Candidate Trihydroxylated bile acid (delta mass 42.0467; sirius atomic difference: 3C, 6H; buddy atomic difference: 3C, 6H)"""	CCMSLIB00010230059	spectra_filtered.mgf	GNPS-BILE-ACID-MODIFICATIONS.mgf	0.841396	370800.0	0	0.0	19	0.0	451.342	1	temp/spectra_filtered.mgf24343	1	LC-ESI	Orbitrap	Crude	Pieter Dorrestein	helenamrusso / mohantyipsita	M+H	451.342	451.342	0						4	Positive	GNPS-BILE-ACID-MODIFICATIONS	451.342	UPDATE-SINGLE-ANNOTATED-BRONZE	Insilico											mzspec:GNPS:GNPS-LIBRARY:CCMSLIB00010230059
Did not pass any BA query (stage1)	20721	"""Candidate Trihydroxylated bile acid (delta mass 390.2758; sirius atomic difference: 24C, 38H, 4O; buddy atomic difference: 24C, 38H, 4O)"""	CCMSLIB00010218566	spectra_filtered.mgf	GNPS-BILE-ACID-MODIFICATIONS.mgf	0.835341	150200.0	0	0.15267	13	0.00012207	799.571	1	temp/spectra_filtered.mgf20721	1	LC-ESI	Orbitrap	Crude	Pieter Dorrestein	helenamrusso / mohantyipsita	M+H	799.571	799.571	0						4	Positive	GNPS-BILE-ACID-MODIFICATIONS	799.571	UPDATE-SINGLE-ANNOTATED-BRONZE	Insilico											mzspec:GNPS:GNPS-LIBRARY:CCMSLIB00010218566
Did not pass any BA query (stage1)	21525	"""Candidate Pentahydroxylated bile acid (delta mass -108.0217; sirius atomic difference: -6C, -4H, -2O; buddy atomic difference: -6C, -4H, -2O)"""	CCMSLIB00010260923	spectra_filtered.mgf	GNPS-BILE-ACID-MODIFICATIONS.mgf	0.832106	294500.0	0	1.19044	12	0.000396729	333.263	1	temp/spectra_filtered.mgf21525	1	LC-ESI	Orbitrap	Crude	Pieter Dorrestein	helenamrusso / mohantyipsita	M+H	333.263	333.263	0						4	Positive	GNPS-BILE-ACID-MODIFICATIONS	333.263	UPDATE-SINGLE-ANNOTATED-BRONZE	Insilico											mzspec:GNPS:GNPS-LIBRARY:CCMSLIB00010260923
Did not pass any BA query (stage1)	18295	"""Candidate Trihydroxylated bile acid (delta mass 138.0613; sirius atomic difference: 6C, 2H, 8N, -3O; buddy atomic difference: 5C, 6H, 4N, 1O)"""	CCMSLIB00010222192	spectra_filtered.mgf	GNPS-BILE-ACID-MODIFICATIONS.mgf	0.831538	6632900.0	0	19.7371	12	1092.67	547.345	3	temp/spectra_filtered.mgf18295	1	LC-ESI	Orbitrap	Crude	Pieter Dorrestein	helenamrusso / mohantyipsita	M+H	547.356	547.356	0						4	Positive	GNPS-BILE-ACID-MODIFICATIONS	547.356	UPDATE-SINGLE-ANNOTATED-BRONZE	Insilico											mzspec:GNPS:GNPS-LIBRARY:CCMSLIB00010222192
Did not pass any BA query (stage1)	14865	"""Candidate Trihydroxylated bile acid (delta mass 168.0727; sirius atomic difference: 9C, 12H, 3O; buddy atomic difference: 8C, 12H, 2N, 1S)"""	CCMSLIB00010221681	spectra_filtered.mgf	GNPS-BILE-ACID-MODIFICATIONS.mgf	0.830316	74700000.0	0	0.634277	11	576.36	577.368	2	temp/spectra_filtered.mgf14865	1	LC-ESI	Orbitrap	Crude	Pieter Dorrestein	helenamrusso / mohantyipsita	M+H	577.368	577.368	0						4	Positive	GNPS-BILE-ACID-MODIFICATIONS	577.368	UPDATE-SINGLE-ANNOTATED-BRONZE	Insilico											mzspec:GNPS:GNPS-LIBRARY:CCMSLIB00010221681
tetrahydroxy_stage1	20005	"""Candidate Tetrahydroxylated bile acid (delta mass 39.0109; sirius atomic difference: 2C, 1H, 1N; buddy atomic difference: 2C, 1H, 1N)"""	CCMSLIB00010227759	spectra_filtered.mgf	GNPS-BILE-ACID-MODIFICATIONS.mgf	0.829738	247800.0	0	1.24883	18	0.000579834	464.3	1	temp/spectra_filtered.mgf20005	1	LC-ESI	Orbitrap	Crude	Pieter Dorrestein	helenamrusso / mohantyipsita	M+H	464.301	464.301	0						4	Positive	GNPS-BILE-ACID-MODIFICATIONS	464.301	UPDATE-SINGLE-ANNOTATED-BRONZE	Insilico											mzspec:GNPS:GNPS-LIBRARY:CCMSLIB00010227759
trihydroxy_stage1	41070	"""Candidate Trihydroxylated bile acid (delta mass 69.0591; sirius atomic difference: 3H, 7N, -2O; buddy atomic difference: 4C, 7H, 1N)"""	CCMSLIB00010226761	spectra_filtered.mgf	GNPS-BILE-ACID-MODIFICATIONS.mgf	0.828251	190900.0	0	4.14681	15	0.00198364	478.356	1	temp/spectra_filtered.mgf41070	1	LC-ESI	Orbitrap	Crude	Pieter Dorrestein	helenamrusso / mohantyipsita	M+H	478.354	478.354	0						4	Positive	GNPS-BILE-ACID-MODIFICATIONS	478.354	UPDATE-SINGLE-ANNOTATED-BRONZE	Insilico											mzspec:GNPS:GNPS-LIBRARY:CCMSLIB00010226761
Did not pass any BA query (stage1)	27537	"""Candidate Trihydroxylated bile acid (delta mass 29.0259; buddy atomic difference: 1C, 3H, 1N)"""	CCMSLIB00010231659	spectra_filtered.mgf	GNPS-BILE-ACID-MODIFICATIONS.mgf	0.828113	192300.0	0	1.11398	16	0.000488281	438.322	1	temp/spectra_filtered.mgf27537	1	LC-ESI	Orbitrap	Crude	Pieter Dorrestein	helenamrusso / mohantyipsita	M+H	438.321	438.321	0						4	Positive	GNPS-BILE-ACID-MODIFICATIONS	438.321	UPDATE-SINGLE-ANNOTATED-BRONZE	Insilico											mzspec:GNPS:GNPS-LIBRARY:CCMSLIB00010231659
Did not pass any BA query (stage1)	21837	"""Candidate Trihydroxylated bile acid (delta mass 71.0132; sirius atomic difference: -1C, 6H, 1N, 2O, 1P; buddy atomic difference: -1C, 6H, 1N, 2O, 1P)"""	CCMSLIB00010225727	spectra_filtered.mgf	GNPS-BILE-ACID-MODIFICATIONS.mgf	0.827862	199700.0	0	0.571838	5	0.000274658	480.308	1	temp/spectra_filtered.mgf21837	1	LC-ESI	Orbitrap	Crude	Pieter Dorrestein	helenamrusso / mohantyipsita	M+H	480.308	480.308	0						4	Positive	GNPS-BILE-ACID-MODIFICATIONS	480.308	UPDATE-SINGLE-ANNOTATED-BRONZE	Insilico											mzspec:GNPS:GNPS-LIBRARY:CCMSLIB00010225727
trihydroxy_stage1	30169	"""Candidate Trihydroxylated bile acid (delta mass 152.0574; sirius atomic difference: 2C, 8H, 4N, 4O; buddy atomic difference: 7C, 8H, 2N, 2O)"""	CCMSLIB00010221986	spectra_filtered.mgf	GNPS-BILE-ACID-MODIFICATIONS.mgf	0.82618	2001500.0	0	3.26187	21	0.00183105	561.354	1	temp/spectra_filtered.mgf30169	1	LC-ESI	Orbitrap	Crude	Pieter Dorrestein	helenamrusso / mohantyipsita	M+H	561.352	561.352	0						4	Positive	GNPS-BILE-ACID-MODIFICATIONS	561.352	UPDATE-SINGLE-ANNOTATED-BRONZE	Insilico											mzspec:GNPS:GNPS-LIBRARY:CCMSLIB00010221986
Did not pass any BA query (stage1)	28475	"""Candidate Monohydroxylated bile acid (delta mass -0.9843; sirius atomic difference: 1H, 1N, -1O; buddy atomic difference: 1H, 1N, -1O)"""	CCMSLIB00010243348	spectra_filtered.mgf	GNPS-BILE-ACID-MODIFICATIONS.mgf	0.825779	185500.0	0	1.37861	14	0.000518799	376.32	1	temp/spectra_filtered.mgf28475	1	LC-ESI	Orbitrap	Crude	Pieter Dorrestein	helenamrusso / mohantyipsita	M+H	376.321	376.321	0						4	Positive	GNPS-BILE-ACID-MODIFICATIONS	376.321	UPDATE-SINGLE-ANNOTATED-BRONZE	Insilico											mzspec:GNPS:GNPS-LIBRARY:CCMSLIB00010243348
trihydroxy_stage1	22658	"""Candidate Trihydroxylated bile acid (delta mass 2.9897; sirius atomic difference: 2C, -3H, 1N, -2O; buddy atomic difference: 2C, -3H, 1N, -2O)"""	CCMSLIB00010235442	spectra_filtered.mgf	GNPS-BILE-ACID-MODIFICATIONS.mgf	0.82231	84000.0	0	0.0	15	0.0	412.285	1	temp/spectra_filtered.mgf22658	1	LC-ESI	Orbitrap	Crude	Pieter Dorrestein	helenamrusso / mohantyipsita	M+H	412.285	412.285	0						4	Positive	GNPS-BILE-ACID-MODIFICATIONS	412.285	UPDATE-SINGLE-ANNOTATED-BRONZE	Insilico											mzspec:GNPS:GNPS-LIBRARY:CCMSLIB00010235442
dihydroxy_stage1	23294	"""Candidate Dihydroxylated bile acid (delta mass 93.0782; sirius atomic difference: 3C, 11H, 1N, 2O; buddy atomic difference: 4C, 7H, 5N, -2O)"""	CCMSLIB00010224969	spectra_filtered.mgf	GNPS-BILE-ACID-MODIFICATIONS.mgf	0.822261	231900.0	0	1.25489	17	0.000610352	486.379	1	temp/spectra_filtered.mgf23294	1	LC-ESI	Orbitrap	Crude	Pieter Dorrestein	helenamrusso / mohantyipsita	M+H	486.378	486.378	0						4	Positive	GNPS-BILE-ACID-MODIFICATIONS	486.378	UPDATE-SINGLE-ANNOTATED-BRONZE	Insilico											mzspec:GNPS:GNPS-LIBRARY:CCMSLIB00010224969
Did not pass any BA query (stage1)	27187	"""Candidate Tetrahydroxylated bile acid (delta mass -54.0313; sirius atomic difference: -6H, -3O; buddy atomic difference: -6H, -3O)"""	CCMSLIB00010246774	spectra_filtered.mgf	GNPS-BILE-ACID-MODIFICATIONS.mgf	0.82133	366500.0	0	1.644	14	0.000610352	371.258	1	temp/spectra_filtered.mgf27187	1	LC-ESI	Orbitrap	Crude	Pieter Dorrestein	helenamrusso / mohantyipsita	M+H	371.259	371.259	0						4	Positive	GNPS-BILE-ACID-MODIFICATIONS	371.259	UPDATE-SINGLE-ANNOTATED-BRONZE	Insilico											mzspec:GNPS:GNPS-LIBRARY:CCMSLIB00010246774
trihydroxy_stage1	39280	"""Candidate Trihydroxylated bile acid (delta mass -3.9946; sirius atomic difference: 1C, -1O; buddy atomic difference: 1C, -1O)"""	CCMSLIB00010238118	spectra_filtered.mgf	GNPS-BILE-ACID-MODIFICATIONS.mgf	0.821026	88700.0	0	0.301185	15	0.00012207	405.3	1	temp/spectra_filtered.mgf39280	1	LC-ESI	Orbitrap	Crude	Pieter Dorrestein	helenamrusso / mohantyipsita	M+H	405.3	405.3	0						4	Positive	GNPS-BILE-ACID-MODIFICATIONS	405.3	UPDATE-SINGLE-ANNOTATED-BRONZE	Insilico											mzspec:GNPS:GNPS-LIBRARY:CCMSLIB00010238118
trihydroxy_stage1	27333	"""Candidate Trihydroxylated bile acid (delta mass 0.0003; sirius atomic difference:; buddy atomic difference: ; spectral library match to CCMSLIB00006581911, alpha-muricholic acid)"""	CCMSLIB00010235858	spectra_filtered.mgf	GNPS-BILE-ACID-MODIFICATIONS.mgf	0.819844	189500.0	0	1.71491	13	0.000701904	409.294	1	temp/spectra_filtered.mgf27333	1	LC-ESI	Orbitrap	Crude	Pieter Dorrestein	helenamrusso / mohantyipsita	M+H	409.295	409.295	0						4	Positive	GNPS-BILE-ACID-MODIFICATIONS	409.295	UPDATE-SINGLE-ANNOTATED-BRONZE	Insilico											mzspec:GNPS:GNPS-LIBRARY:CCMSLIB00010235858
trihydroxy_stage1	22209	"""Candidate Trihydroxylated bile acid (delta mass 101.0477; sirius atomic difference: 4C, 7H, 1N, 2O; buddy atomic difference: 4C, 7H, 1N, 2O; spectral library match to CCMSLIB00006583978, Thr-CA; putative explanation: threonine)"""	CCMSLIB00010223694	spectra_filtered.mgf	GNPS-BILE-ACID-MODIFICATIONS.mgf	0.819789	92400.0	0	0.597982	12	0.000305176	510.343	1	temp/spectra_filtered.mgf22209	1	LC-ESI	Orbitrap	Crude	Pieter Dorrestein	helenamrusso / mohantyipsita	M+H	510.343	510.343	0						4	Positive	GNPS-BILE-ACID-MODIFICATIONS	510.343	UPDATE-SINGLE-ANNOTATED-BRONZE	Insilico											mzspec:GNPS:GNPS-LIBRARY:CCMSLIB00010223694
Did not pass any BA query (stage1)	16801	"""Candidate Trihydroxylated bile acid (delta mass 70.0151; sirius atomic difference: 2C, 2H, 2N, 1O)"""	CCMSLIB00010226732	spectra_filtered.mgf	GNPS-BILE-ACID-MODIFICATIONS.mgf	0.817819	433200.0	0	1.01872	10	956.604	479.31	3	temp/spectra_filtered.mgf16801	1	LC-ESI	Orbitrap	Crude	Pieter Dorrestein	helenamrusso / mohantyipsita	M+H	479.31	479.31	0						4	Positive	GNPS-BILE-ACID-MODIFICATIONS	479.31	UPDATE-SINGLE-ANNOTATED-BRONZE	Insilico											mzspec:GNPS:GNPS-LIBRARY:CCMSLIB00010226732
tetrahydroxy_stage1	17764	"""Candidate Tetrahydroxylated bile acid (delta mass 17.0267; sirius atomic difference: 3H, 1N; buddy atomic difference: 1C, -1H, 5N, -4O)"""	CCMSLIB00010231500	spectra_filtered.mgf	GNPS-BILE-ACID-MODIFICATIONS.mgf	0.817712	4098000.0	0	0.0	18	0.0	442.316	1	temp/spectra_filtered.mgf17764	1	LC-ESI	Orbitrap	Crude	Pieter Dorrestein	helenamrusso / mohantyipsita	M+H	442.316	442.316	0						4	Positive	GNPS-BILE-ACID-MODIFICATIONS	442.316	UPDATE-SINGLE-ANNOTATED-BRONZE	Insilico											mzspec:GNPS:GNPS-LIBRARY:CCMSLIB00010231500
dihydroxy_stage1	28778	"""Candidate Dihydroxylated bile acid (delta mass 74.0487; sirius atomic difference: 2C, 6H, 2N, 1O; buddy atomic difference: 2C, 6H, 2N, 1O)"""	CCMSLIB00010227328	spectra_filtered.mgf	GNPS-BILE-ACID-MODIFICATIONS.mgf	0.817023	1103600.0	0	3.65676	14	0.00170898	467.347	1	temp/spectra_filtered.mgf28778	1	LC-ESI	Orbitrap	Crude	Pieter Dorrestein	helenamrusso / mohantyipsita	M+H	467.349	467.349	0						4	Positive	GNPS-BILE-ACID-MODIFICATIONS	467.349	UPDATE-SINGLE-ANNOTATED-BRONZE	Insilico											mzspec:GNPS:GNPS-LIBRARY:CCMSLIB00010227328
dihydroxy_stage1	39575	"""Candidate Dihydroxylated bile acid (delta mass 91.0419; sirius atomic difference: 6C, 5H, 1N; buddy atomic difference: 6C, 5H, 1N)"""	CCMSLIB00010225028	spectra_filtered.mgf	GNPS-BILE-ACID-MODIFICATIONS.mgf	0.816105	1041800.0	0	0.0	15	0.0	484.342	1	temp/spectra_filtered.mgf39575	1	LC-ESI	Orbitrap	Crude	Pieter Dorrestein	helenamrusso / mohantyipsita	M+H	484.342	484.342	0						4	Positive	GNPS-BILE-ACID-MODIFICATIONS	484.342	UPDATE-SINGLE-ANNOTATED-BRONZE	Insilico											mzspec:GNPS:GNPS-LIBRARY:CCMSLIB00010225028
Did not pass any BA query (stage1)	31911	"""Candidate Dihydroxylated bile acid (delta mass 126.1154; sirius atomic difference: 7C, 14H, 2N; buddy atomic difference: 7C, 14H, 2N; putative explanation: N-acetyl-cadaverine)"""	CCMSLIB00010223173	spectra_filtered.mgf	GNPS-BILE-ACID-MODIFICATIONS.mgf	0.815041	167700.0	0	0.705045	10	0.000366211	519.415	1	temp/spectra_filtered.mgf31911	1	LC-ESI	Orbitrap	Crude	Pieter Dorrestein	helenamrusso / mohantyipsita	M+H	519.415	519.415	0						4	Positive	GNPS-BILE-ACID-MODIFICATIONS	519.415	UPDATE-SINGLE-ANNOTATED-BRONZE	Insilico											mzspec:GNPS:GNPS-LIBRARY:CCMSLIB00010223173
Did not pass any BA query (stage1)	33381	"""Candidate Trihydroxylated bile acid (delta mass -2.996; sirius atomic difference: -1H, 1N, -1O; buddy atomic difference: -1H, 1N, -1O)"""	CCMSLIB00010238071	spectra_filtered.mgf	GNPS-BILE-ACID-MODIFICATIONS.mgf	0.810485	19640000.0	0	11.1164	14	0.0045166	406.294	1	temp/spectra_filtered.mgf33381	1	LC-ESI	Orbitrap	Crude	Pieter Dorrestein	helenamrusso / mohantyipsita	M+H	406.299	406.299	0						4	Positive	GNPS-BILE-ACID-MODIFICATIONS	406.299	UPDATE-SINGLE-ANNOTATED-BRONZE	Insilico											mzspec:GNPS:GNPS-LIBRARY:CCMSLIB00010238071
dihydroxy_stage1	29694	"""Candidate Dihydroxylated bile acid (delta mass -36.0212; sirius atomic difference: -4H, -2O; buddy atomic difference: -4H, -2O; spectral library match to CCMSLIB00005463880, URSODEOXYCHOLATE)"""	CCMSLIB00010248438	spectra_filtered.mgf	GNPS-BILE-ACID-MODIFICATIONS.mgf	0.809952	2031000.0	0	0.0	16	0.0	357.279	1	temp/spectra_filtered.mgf29694	1	LC-ESI	Orbitrap	Crude	Pieter Dorrestein	helenamrusso / mohantyipsita	M+H	357.279	357.279	0						4	Positive	GNPS-BILE-ACID-MODIFICATIONS	357.279	UPDATE-SINGLE-ANNOTATED-BRONZE	Insilico											mzspec:GNPS:GNPS-LIBRARY:CCMSLIB00010248438
Did not pass any BA query (stage1)	24690	"""Candidate Trihydroxylated bile acid (delta mass 6.0262; sirius atomic difference: 3C, 2H, -2O; buddy atomic difference: 3C, 2H, -2O)"""	CCMSLIB00010234735	spectra_filtered.mgf	GNPS-BILE-ACID-MODIFICATIONS.mgf	0.808968	113000.0	0	0.734795	18	0.000305176	415.321	1	temp/spectra_filtered.mgf24690	1	LC-ESI	Orbitrap	Crude	Pieter Dorrestein	helenamrusso / mohantyipsita	M+H	415.321	415.321	0						4	Positive	GNPS-BILE-ACID-MODIFICATIONS	415.321	UPDATE-SINGLE-ANNOTATED-BRONZE	Insilico											mzspec:GNPS:GNPS-LIBRARY:CCMSLIB00010234735
tetrahydroxy_stage1	19917	"""Candidate Tetrahydroxylated bile acid (delta mass 56.0374; sirius atomic difference: 2C, 4H, 2N; buddy atomic difference: 2C, 4H, 2N)"""	CCMSLIB00010225413	spectra_filtered.mgf	GNPS-BILE-ACID-MODIFICATIONS.mgf	0.80686	188700.0	0	1.26806	16	0.000610352	481.328	1	temp/spectra_filtered.mgf19917	1	LC-ESI	Orbitrap	Crude	Pieter Dorrestein	helenamrusso / mohantyipsita	M+H	481.327	481.327	0						4	Positive	GNPS-BILE-ACID-MODIFICATIONS	481.327	UPDATE-SINGLE-ANNOTATED-BRONZE	Insilico											mzspec:GNPS:GNPS-LIBRARY:CCMSLIB00010225413
Did not pass any BA query (stage1)	27737	"""Candidate Trihydroxylated bile acid (delta mass 73.0518; sirius atomic difference: 3C, 7H, 1N, 1O; buddy atomic difference: 3C, 7H, 1N, 1O)"""	CCMSLIB00010225129	spectra_filtered.mgf	GNPS-BILE-ACID-MODIFICATIONS.mgf	0.806612	180800.0	0	1.26538	17	0.000610352	482.348	1	temp/spectra_filtered.mgf27737	1	LC-ESI	Orbitrap	Crude	Pieter Dorrestein	helenamrusso / mohantyipsita	M+H	482.347	482.347	0						4	Positive	GNPS-BILE-ACID-MODIFICATIONS	482.347	UPDATE-SINGLE-ANNOTATED-BRONZE	Insilico											mzspec:GNPS:GNPS-LIBRARY:CCMSLIB00010225129
Did not pass any BA query (stage1)	24490	"""Candidate Trihydroxylated bile acid (delta mass 73.0518; sirius atomic difference: 3C, 7H, 1N, 1O; buddy atomic difference: 3C, 7H, 1N, 1O)"""	CCMSLIB00010225129	spectra_filtered.mgf	GNPS-BILE-ACID-MODIFICATIONS.mgf	0.803254	364300.0	0	2.72056	18	0.00131226	482.348	1	temp/spectra_filtered.mgf24490	1	LC-ESI	Orbitrap	Crude	Pieter Dorrestein	helenamrusso / mohantyipsita	M+H	482.347	482.347	0						4	Positive	GNPS-BILE-ACID-MODIFICATIONS	482.347	UPDATE-SINGLE-ANNOTATED-BRONZE	Insilico											mzspec:GNPS:GNPS-LIBRARY:CCMSLIB00010225129
tetrahydroxy_stage1	18140	"""Candidate Tetrahydroxylated bile acid (delta mass -18.01; sirius atomic difference: -2H, -1O; buddy atomic difference: -2H, -1O)"""	CCMSLIB00010237088	spectra_filtered.mgf	GNPS-BILE-ACID-MODIFICATIONS.mgf	0.801169	117800.0	0	2.17298	16	0.00088501	407.279	1	temp/spectra_filtered.mgf18140	1	LC-ESI	Orbitrap	Crude	Pieter Dorrestein	helenamrusso / mohantyipsita	M+H	407.28	407.28	0						4	Positive	GNPS-BILE-ACID-MODIFICATIONS	407.28	UPDATE-SINGLE-ANNOTATED-BRONZE	Insilico											mzspec:GNPS:GNPS-LIBRARY:CCMSLIB00010237088
Did not pass any BA query (stage1)	18048	"""Candidate Trihydroxylated bile acid (delta mass -73.0788; sirius atomic difference: -5C, -11H, 1N, -1O; buddy atomic difference: -5C, -11H, 1N, -1O)"""	CCMSLIB00010259900	spectra_filtered.mgf	GNPS-BILE-ACID-MODIFICATIONS.mgf	0.799875	1062100.0	0	3.26764	8	0.00109863	336.217	1	temp/spectra_filtered.mgf18048	1	LC-ESI	Orbitrap	Crude	Pieter Dorrestein	helenamrusso / mohantyipsita	M+H	336.216	336.216	0						4	Positive	GNPS-BILE-ACID-MODIFICATIONS	336.216	UPDATE-SINGLE-ANNOTATED-BRONZE	Insilico											mzspec:GNPS:GNPS-LIBRARY:CCMSLIB00010259900
Did not pass any BA query (stage1)	27865	"""Candidate Trihydroxylated bile acid (delta mass 59.0363; sirius atomic difference: 2C, 5H, 1N, 1O; buddy atomic difference: 2C, 5H, 1N, 1O; spectral library match to CCMSLIB00010118116, match to acetylated cholic acid)"""	CCMSLIB00010227312	spectra_filtered.mgf	GNPS-BILE-ACID-MODIFICATIONS.mgf	0.799457	696000.0	0	2.80198	14	0.00131226	468.332	1	temp/spectra_filtered.mgf27865	1	LC-ESI	Orbitrap	Crude	Pieter Dorrestein	helenamrusso / mohantyipsita	M+H	468.331	468.331	0						4	Positive	GNPS-BILE-ACID-MODIFICATIONS	468.331	UPDATE-SINGLE-ANNOTATED-BRONZE	Insilico											mzspec:GNPS:GNPS-LIBRARY:CCMSLIB00010227312
Did not pass any BA query (stage1)	13519	Candidate Trihydroxylated bile acid (delta mass 71.5064)	CCMSLIB00010225447	spectra_filtered.mgf	GNPS-BILE-ACID-MODIFICATIONS.mgf	0.797329	12569000.0	0	0.444307	10	479.794	480.801	2	temp/spectra_filtered.mgf13519	1	LC-ESI	Orbitrap	Crude	Pieter Dorrestein	helenamrusso / mohantyipsita	M+H	480.801	480.801	0						4	Positive	GNPS-BILE-ACID-MODIFICATIONS	480.801	UPDATE-SINGLE-ANNOTATED-BRONZE	Insilico											mzspec:GNPS:GNPS-LIBRARY:CCMSLIB00010225447
Did not pass any BA query (stage1)	27793	"""Candidate Trihydroxylated bile acid (delta mass 425.3133; sirius atomic difference: 20C, 39H, 7N, 3O; buddy atomic difference: 24C, 43H, 1N, 5O; spectral library match to CCMSLIB00005435981, Cholic acid)"""	CCMSLIB00010218143	spectra_filtered.mgf	GNPS-BILE-ACID-MODIFICATIONS.mgf	0.7958	33563000.0	0	0.658173	14	0.000549316	834.609	1	temp/spectra_filtered.mgf27793	1	LC-ESI	Orbitrap	Crude	Pieter Dorrestein	helenamrusso / mohantyipsita	M+H	834.608	834.608	0						4	Positive	GNPS-BILE-ACID-MODIFICATIONS	834.608	UPDATE-SINGLE-ANNOTATED-BRONZE	Insilico											mzspec:GNPS:GNPS-LIBRARY:CCMSLIB00010218143
Did not pass any BA query (stage1)	21120	"""Candidate Trihydroxylated bile acid (delta mass 187.083; sirius atomic difference: 8C, 13H, 1N, 4O; buddy atomic difference: 8C, 13H, 1N, 4O)"""	CCMSLIB00010221326	spectra_filtered.mgf	GNPS-BILE-ACID-MODIFICATIONS.mgf	0.790453	6240300.0	0	13.4069	15	2381.44	596.37	5	temp/spectra_filtered.mgf21120	1	LC-ESI	Orbitrap	Crude	Pieter Dorrestein	helenamrusso / mohantyipsita	M+H	596.378	596.378	0						4	Positive	GNPS-BILE-ACID-MODIFICATIONS	596.378	UPDATE-SINGLE-ANNOTATED-BRONZE	Insilico											mzspec:GNPS:GNPS-LIBRARY:CCMSLIB00010221326
dihydroxy_stage1	15201	"""Candidate Dihydroxylated bile acid (delta mass 135.033; sirius atomic difference: 7C, 5H, 1N, 2O; buddy atomic difference: 7C, 5H, 1N, 2O)"""	CCMSLIB00010222900	spectra_filtered.mgf	GNPS-BILE-ACID-MODIFICATIONS.mgf	0.789744	714000.0	0	6.58487	19	0.003479	528.33	1	temp/spectra_filtered.mgf15201	1	LC-ESI	Orbitrap	Crude	Pieter Dorrestein	helenamrusso / mohantyipsita	M+H	528.333	528.333	0						4	Positive	GNPS-BILE-ACID-MODIFICATIONS	528.333	UPDATE-SINGLE-ANNOTATED-BRONZE	Insilico											mzspec:GNPS:GNPS-LIBRARY:CCMSLIB00010222900
Did not pass any BA query (stage1)	18893	"""Candidate Trihydroxylated bile acid (delta mass 187.083; sirius atomic difference: 8C, 13H, 1N, 4O; buddy atomic difference: 8C, 13H, 1N, 4O)"""	CCMSLIB00010221326	spectra_filtered.mgf	GNPS-BILE-ACID-MODIFICATIONS.mgf	0.788283	82760000.0	0	1.22812	13	1190.74	596.379	3	temp/spectra_filtered.mgf18893	1	LC-ESI	Orbitrap	Crude	Pieter Dorrestein	helenamrusso / mohantyipsita	M+H	596.378	596.378	0						4	Positive	GNPS-BILE-ACID-MODIFICATIONS	596.378	UPDATE-SINGLE-ANNOTATED-BRONZE	Insilico											mzspec:GNPS:GNPS-LIBRARY:CCMSLIB00010221326
Did not pass any BA query (stage1)	19645	Candidate Trihydroxylated bile acid (delta mass 71.5064)	CCMSLIB00010225447	spectra_filtered.mgf	GNPS-BILE-ACID-MODIFICATIONS.mgf	0.786219	1409700.0	0	10.8538	10	1439.4	480.806	4	temp/spectra_filtered.mgf19645	1	LC-ESI	Orbitrap	Crude	Pieter Dorrestein	helenamrusso / mohantyipsita	M+H	480.801	480.801	0						4	Positive	GNPS-BILE-ACID-MODIFICATIONS	480.801	UPDATE-SINGLE-ANNOTATED-BRONZE	Insilico											mzspec:GNPS:GNPS-LIBRARY:CCMSLIB00010225447
trihydroxy_stage1	22156	"""Candidate Trihydroxylated bile acid (delta mass -0.9835; sirius atomic difference: 1H, 1N, -1O; buddy atomic difference: 1H, 1N, -1O)"""	CCMSLIB00010236099	spectra_filtered.mgf	GNPS-BILE-ACID-MODIFICATIONS.mgf	0.784663	232000.0	0	1.71904	14	0.000701904	408.31	1	temp/spectra_filtered.mgf22156	1	LC-ESI	Orbitrap	Crude	Pieter Dorrestein	helenamrusso / mohantyipsita	M+H	408.311	408.311	0						4	Positive	GNPS-BILE-ACID-MODIFICATIONS	408.311	UPDATE-SINGLE-ANNOTATED-BRONZE	Insilico											mzspec:GNPS:GNPS-LIBRARY:CCMSLIB00010236099
monohydroxy_stage1	34348	"""Candidate Monohydroxylated bile acid (delta mass 0.0003; sirius atomic difference:; buddy atomic difference: )"""	CCMSLIB00010243326	spectra_filtered.mgf	GNPS-BILE-ACID-MODIFICATIONS.mgf	0.783155	80800.0	0	1.05148	10	0.000396729	377.305	1	temp/spectra_filtered.mgf34348	1	LC-ESI	Orbitrap	Crude	Pieter Dorrestein	helenamrusso / mohantyipsita	M+H	377.305	377.305	0						4	Positive	GNPS-BILE-ACID-MODIFICATIONS	377.305	UPDATE-SINGLE-ANNOTATED-BRONZE	Insilico											mzspec:GNPS:GNPS-LIBRARY:CCMSLIB00010243326
Did not pass any BA query (stage1)	17648	"""Candidate Trihydroxylated bile acid (delta mass 113.7082; sirius atomic difference: -14C, -19H, 13O, 3P)"""	CCMSLIB00010223051	spectra_filtered.mgf	GNPS-BILE-ACID-MODIFICATIONS.mgf	0.781858	128080000.0	0	3.85114	10	1043.99	523.001	3	temp/spectra_filtered.mgf17648	1	LC-ESI	Orbitrap	Crude	Pieter Dorrestein	helenamrusso / mohantyipsita	M+H	523.003	523.003	0						4	Positive	GNPS-BILE-ACID-MODIFICATIONS	523.003	UPDATE-SINGLE-ANNOTATED-BRONZE	Insilico											mzspec:GNPS:GNPS-LIBRARY:CCMSLIB00010223051
Did not pass any BA query (stage1)	19080	"""Candidate Trihydroxylated bile acid (delta mass 53.7548; sirius atomic difference: -12C, -20H, 2N, 8O, 2P)"""	CCMSLIB00010228881	spectra_filtered.mgf	GNPS-BILE-ACID-MODIFICATIONS.mgf	0.781677	4901100.0	0	1.91126	10	462.041	463.049	2	temp/spectra_filtered.mgf19080	1	LC-ESI	Orbitrap	Crude	Pieter Dorrestein	helenamrusso / mohantyipsita	M+H	463.05	463.05	0						4	Positive	GNPS-BILE-ACID-MODIFICATIONS	463.05	UPDATE-SINGLE-ANNOTATED-BRONZE	Insilico											mzspec:GNPS:GNPS-LIBRARY:CCMSLIB00010228881
Did not pass any BA query (stage1)	14448	Candidate Tetrahydroxylated bile acid (delta mass 58.3402)	CCMSLIB00010225052	spectra_filtered.mgf	GNPS-BILE-ACID-MODIFICATIONS.mgf	0.779915	3992100.0	0	9.27586	9	0.00448608	483.634	1	temp/spectra_filtered.mgf14448	1	LC-ESI	Orbitrap	Crude	Pieter Dorrestein	helenamrusso / mohantyipsita	M+H	483.63	483.63	0						4	Positive	GNPS-BILE-ACID-MODIFICATIONS	483.63	UPDATE-SINGLE-ANNOTATED-BRONZE	Insilico											mzspec:GNPS:GNPS-LIBRARY:CCMSLIB00010225052
trihydroxy_stage1	30398	"""Candidate Trihydroxylated bile acid (delta mass 80.9992; sirius atomic difference: 7C, -1H, 1N, -1O; buddy atomic difference: 7C, -1H, 1N, -1O)"""	CCMSLIB00010224836	spectra_filtered.mgf	GNPS-BILE-ACID-MODIFICATIONS.mgf	0.779017	244700.0	0	2.05403	14	0.00100708	490.293	1	temp/spectra_filtered.mgf30398	1	LC-ESI	Orbitrap	Crude	Pieter Dorrestein	helenamrusso / mohantyipsita	M+H	490.294	490.294	0						4	Positive	GNPS-BILE-ACID-MODIFICATIONS	490.294	UPDATE-SINGLE-ANNOTATED-BRONZE	Insilico											mzspec:GNPS:GNPS-LIBRARY:CCMSLIB00010224836
Did not pass any BA query (stage1)	22796	"""Candidate Dihydroxylated bile acid (delta mass 44.0262; sirius atomic difference: 2C, 4H, 1O; buddy atomic difference: 2C, 4H, 1O)"""	CCMSLIB00010231675	spectra_filtered.mgf	GNPS-BILE-ACID-MODIFICATIONS.mgf	0.777578	575700.0	0	0.279129	16	0.00012207	437.326	1	temp/spectra_filtered.mgf22796	1	LC-ESI	Orbitrap	Crude	Pieter Dorrestein	helenamrusso / mohantyipsita	M+H	437.326	437.326	0						4	Positive	GNPS-BILE-ACID-MODIFICATIONS	437.326	UPDATE-SINGLE-ANNOTATED-BRONZE	Insilico											mzspec:GNPS:GNPS-LIBRARY:CCMSLIB00010231675
Did not pass any BA query (stage1)	28676	"""Candidate Pentahydroxylated bile acid (delta mass -110.0374; sirius atomic difference: -6C, -6H, -2O; buddy atomic difference: -6C, -6H, -2O)"""	CCMSLIB00010261051	spectra_filtered.mgf	GNPS-BILE-ACID-MODIFICATIONS.mgf	0.777404	517500.0	0	2.39536	11	0.000793457	331.248	1	temp/spectra_filtered.mgf28676	1	LC-ESI	Orbitrap	Crude	Pieter Dorrestein	helenamrusso / mohantyipsita	M+H	331.247	331.247	0						4	Positive	GNPS-BILE-ACID-MODIFICATIONS	331.247	UPDATE-SINGLE-ANNOTATED-BRONZE	Insilico											mzspec:GNPS:GNPS-LIBRARY:CCMSLIB00010261051
tetrahydroxy_stage1	20599	"""Candidate Tetrahydroxylated bile acid (delta mass 17.0266; sirius atomic difference: 3H, 1N; buddy atomic difference: 1C, -1H, 5N, -4O)"""	CCMSLIB00010231507	spectra_filtered.mgf	GNPS-BILE-ACID-MODIFICATIONS.mgf	0.777361	537000.0	0	0.206985	14	9.15527e-05	442.316	1	temp/spectra_filtered.mgf20599	1	LC-ESI	Orbitrap	Crude	Pieter Dorrestein	helenamrusso / mohantyipsita	M+H	442.316	442.316	0						4	Positive	GNPS-BILE-ACID-MODIFICATIONS	442.316	UPDATE-SINGLE-ANNOTATED-BRONZE	Insilico											mzspec:GNPS:GNPS-LIBRARY:CCMSLIB00010231507
dihydroxy_stage1	22380	"""Candidate Dihydroxylated bile acid (delta mass 154.0049; sirius atomic difference: 5C, 2H, 2N, 4O; buddy atomic difference: 10C, 2H, 2O)"""	CCMSLIB00010222210	spectra_filtered.mgf	GNPS-BILE-ACID-MODIFICATIONS.mgf	0.776273	107800.0	0	1.44975	9	0.000793457	547.304	1	temp/spectra_filtered.mgf22380	1	LC-ESI	Orbitrap	Crude	Pieter Dorrestein	helenamrusso / mohantyipsita	M+H	547.305	547.305	0						4	Positive	GNPS-BILE-ACID-MODIFICATIONS	547.305	UPDATE-SINGLE-ANNOTATED-BRONZE	Insilico											mzspec:GNPS:GNPS-LIBRARY:CCMSLIB00010222210
trihydroxy_stage1	30351	"""Candidate Trihydroxylated bile acid (delta mass 99.0102; sirius atomic difference: 7C, 1H, 1N; buddy atomic difference: 7C, 1H, 1N)"""	CCMSLIB00010223747	spectra_filtered.mgf	GNPS-BILE-ACID-MODIFICATIONS.mgf	0.772347	254800.0	0	1.56099	15	0.000793457	508.304	1	temp/spectra_filtered.mgf30351	1	LC-ESI	Orbitrap	Crude	Pieter Dorrestein	helenamrusso / mohantyipsita	M+H	508.305	508.305	0						4	Positive	GNPS-BILE-ACID-MODIFICATIONS	508.305	UPDATE-SINGLE-ANNOTATED-BRONZE	Insilico											mzspec:GNPS:GNPS-LIBRARY:CCMSLIB00010223747
monohydroxy_stage1	41069	"""Candidate Monohydroxylated bile acid (delta mass 152.0581; sirius atomic difference: 7C, 8H, 2N, 2O; buddy atomic difference: 7C, 8H, 2N, 2O)"""	CCMSLIB00010222874	spectra_filtered.mgf	GNPS-BILE-ACID-MODIFICATIONS.mgf	0.770448	97400.0	0	2.30599	12	0.0012207	529.364	1	temp/spectra_filtered.mgf41069	1	LC-ESI	Orbitrap	Crude	Pieter Dorrestein	helenamrusso / mohantyipsita	M+H	529.363	529.363	0						4	Positive	GNPS-BILE-ACID-MODIFICATIONS	529.363	UPDATE-SINGLE-ANNOTATED-BRONZE	Insilico											mzspec:GNPS:GNPS-LIBRARY:CCMSLIB00010222874
dihydroxy_stage1	22655	"""Candidate Dihydroxylated bile acid (delta mass 91.0419; sirius atomic difference: 6C, 5H, 1N; buddy atomic difference: 6C, 5H, 1N)"""	CCMSLIB00010225028	spectra_filtered.mgf	GNPS-BILE-ACID-MODIFICATIONS.mgf	0.770018	78000.0	0	7.81303	10	0.00378418	484.346	1	temp/spectra_filtered.mgf22655	1	LC-ESI	Orbitrap	Crude	Pieter Dorrestein	helenamrusso / mohantyipsita	M+H	484.342	484.342	0						4	Positive	GNPS-BILE-ACID-MODIFICATIONS	484.342	UPDATE-SINGLE-ANNOTATED-BRONZE	Insilico											mzspec:GNPS:GNPS-LIBRARY:CCMSLIB00010225028
Did not pass any BA query (stage1)	13701	"""Candidate Tetrahydroxylated bile acid (delta mass 106.0359; sirius atomic difference: 3C, 2H, 6N, -1O; buddy atomic difference: 2C, 6H, 2N, 3O)"""	CCMSLIB00010222786	spectra_filtered.mgf	GNPS-BILE-ACID-MODIFICATIONS.mgf	0.769337	1336200.0	0	1.49335	10	530.317	531.325	2	temp/spectra_filtered.mgf13701	1	LC-ESI	Orbitrap	Crude	Pieter Dorrestein	helenamrusso / mohantyipsita	M+H	531.326	531.326	0						4	Positive	GNPS-BILE-ACID-MODIFICATIONS	531.326	UPDATE-SINGLE-ANNOTATED-BRONZE	Insilico											mzspec:GNPS:GNPS-LIBRARY:CCMSLIB00010222786
trihydroxy_stage1	24066	"""Candidate Trihydroxylated bile acid (delta mass 135.0319; sirius atomic difference: 7C, 5H, 1N, 2O; buddy atomic difference: 7C, 5H, 1N, 2O)"""	CCMSLIB00010222275	spectra_filtered.mgf	GNPS-BILE-ACID-MODIFICATIONS.mgf	0.768615	119900.0	0	1.56981	14	0.000854492	544.328	1	temp/spectra_filtered.mgf24066	1	LC-ESI	Orbitrap	Crude	Pieter Dorrestein	helenamrusso / mohantyipsita	M+H	544.327	544.327	0						4	Positive	GNPS-BILE-ACID-MODIFICATIONS	544.327	UPDATE-SINGLE-ANNOTATED-BRONZE	Insilico											mzspec:GNPS:GNPS-LIBRARY:CCMSLIB00010222275
Did not pass any BA query (stage1)	26727	"""Candidate Tetrahydroxylated bile acid (delta mass -0.9845; buddy atomic difference: 1H, 1N, -1O)"""	CCMSLIB00010234261	spectra_filtered.mgf	GNPS-BILE-ACID-MODIFICATIONS.mgf	0.76844	221700.0	0	1.2227	13	0.000518799	424.306	1	temp/spectra_filtered.mgf26727	1	LC-ESI	Orbitrap	Crude	Pieter Dorrestein	helenamrusso / mohantyipsita	M+H	424.305	424.305	0						4	Positive	GNPS-BILE-ACID-MODIFICATIONS	424.305	UPDATE-SINGLE-ANNOTATED-BRONZE	Insilico											mzspec:GNPS:GNPS-LIBRARY:CCMSLIB00010234261
Did not pass any BA query (stage1)	40094	"""Candidate Trihydroxylated bile acid (delta mass 203.9968; sirius atomic difference: 6C, 6N, 3O; buddy atomic difference: 9C, 4H, 2N, 2O, 1S)"""	CCMSLIB00010220785	spectra_filtered.mgf	GNPS-BILE-ACID-MODIFICATIONS.mgf	0.76821	2225100.0	0	11.9425	6	0.00732422	613.299	1	temp/spectra_filtered.mgf40094	1	LC-ESI	Orbitrap	Crude	Pieter Dorrestein	helenamrusso / mohantyipsita	M+H	613.292	613.292	0						4	Positive	GNPS-BILE-ACID-MODIFICATIONS	613.292	UPDATE-SINGLE-ANNOTATED-BRONZE	Insilico											mzspec:GNPS:GNPS-LIBRARY:CCMSLIB00010220785
trihydroxy_stage1	21948	"""Candidate Trihydroxylated bile acid (delta mass 146.0709; sirius atomic difference: 5C, 10H, 2N, 3O; buddy atomic difference: 5C, 10H, 2N, 3O)"""	CCMSLIB00010222064	spectra_filtered.mgf	GNPS-BILE-ACID-MODIFICATIONS.mgf	0.767197	133100.0	0	7.58315	14	0.00421143	555.362	1	temp/spectra_filtered.mgf21948	1	LC-ESI	Orbitrap	Crude	Pieter Dorrestein	helenamrusso / mohantyipsita	M+H	555.366	555.366	0						4	Positive	GNPS-BILE-ACID-MODIFICATIONS	555.366	UPDATE-SINGLE-ANNOTATED-BRONZE	Insilico											mzspec:GNPS:GNPS-LIBRARY:CCMSLIB00010222064
Did not pass any BA query (stage1)	15334	"""Candidate Trihydroxylated bile acid (delta mass 232.0601; sirius atomic difference: 4C, 8H, 8N, 4O; buddy atomic difference: 10C, 8H, 4N, 3O)"""	CCMSLIB00010220129	spectra_filtered.mgf	GNPS-BILE-ACID-MODIFICATIONS.mgf	0.764278	235800.0	0	5.90029	12	0.00378418	641.351	1	temp/spectra_filtered.mgf15334	1	LC-ESI	Orbitrap	Crude	Pieter Dorrestein	helenamrusso / mohantyipsita	M+H	641.355	641.355	0						4	Positive	GNPS-BILE-ACID-MODIFICATIONS	641.355	UPDATE-SINGLE-ANNOTATED-BRONZE	Insilico											mzspec:GNPS:GNPS-LIBRARY:CCMSLIB00010220129
tetrahydroxy_stage1	17719	"""Candidate Tetrahydroxylated bile acid (delta mass -72.0393; sirius atomic difference: -8H, -4O; buddy atomic difference: -8H, -4O; spectral library match to CCMSLIB00005464806, """"(R)-4-((3R,5S,8R,9S,10S,13R,14S,17R)-3-hydroxy-10,13-dimethyl-7-oxohexadecahydro-1H-cyclopenta[a]phenanthren-17-yl)pent-2-enoic acid"""")"""	CCMSLIB00010249445	spectra_filtered.mgf	GNPS-BILE-ACID-MODIFICATIONS.mgf	0.76419	68200.0	0	0.863909	13	0.000305176	353.25	1	temp/spectra_filtered.mgf17719	1	LC-ESI	Orbitrap	Crude	Pieter Dorrestein	helenamrusso / mohantyipsita	M+H	353.25	353.25	0						4	Positive	GNPS-BILE-ACID-MODIFICATIONS	353.25	UPDATE-SINGLE-ANNOTATED-BRONZE	Insilico											mzspec:GNPS:GNPS-LIBRARY:CCMSLIB00010249445
Did not pass any BA query (stage1)	22458	"""Candidate Dihydroxylated bile acid (delta mass 26.0158; sirius atomic difference: 2C, 2H; buddy atomic difference: 2C, 2H)"""	CCMSLIB00010234529	spectra_filtered.mgf	GNPS-BILE-ACID-MODIFICATIONS.mgf	0.76336	123800.0	0	1.96504	14	0.000823975	419.315	1	temp/spectra_filtered.mgf22458	1	LC-ESI	Orbitrap	Crude	Pieter Dorrestein	helenamrusso / mohantyipsita	M+H	419.316	419.316	0						4	Positive	GNPS-BILE-ACID-MODIFICATIONS	419.316	UPDATE-SINGLE-ANNOTATED-BRONZE	Insilico											mzspec:GNPS:GNPS-LIBRARY:CCMSLIB00010234529
Did not pass any BA query (stage1)	23984	"""Candidate Trihydroxylated bile acid (delta mass 73.0518; sirius atomic difference: 3C, 7H, 1N, 1O; buddy atomic difference: 3C, 7H, 1N, 1O)"""	CCMSLIB00010225129	spectra_filtered.mgf	GNPS-BILE-ACID-MODIFICATIONS.mgf	0.760172	207000.0	0	9.174	17	0.00442505	482.351	1	temp/spectra_filtered.mgf23984	1	LC-ESI	Orbitrap	Crude	Pieter Dorrestein	helenamrusso / mohantyipsita	M+H	482.347	482.347	0						4	Positive	GNPS-BILE-ACID-MODIFICATIONS	482.347	UPDATE-SINGLE-ANNOTATED-BRONZE	Insilico											mzspec:GNPS:GNPS-LIBRARY:CCMSLIB00010225129
Did not pass any BA query (stage1)	17959	Candidate Trihydroxylated bile acid (delta mass 128.7159)	CCMSLIB00010222423	spectra_filtered.mgf	GNPS-BILE-ACID-MODIFICATIONS.mgf	0.758103	337100.0	0	0.56723	10	1074.01	538.011	3	temp/spectra_filtered.mgf17959	1	LC-ESI	Orbitrap	Crude	Pieter Dorrestein	helenamrusso / mohantyipsita	M+H	538.011	538.011	0						4	Positive	GNPS-BILE-ACID-MODIFICATIONS	538.011	UPDATE-SINGLE-ANNOTATED-BRONZE	Insilico											mzspec:GNPS:GNPS-LIBRARY:CCMSLIB00010222423
Did not pass any BA query (stage1)	27308	"""Candidate Dihydroxylated bile acid (delta mass -56.0985; sirius atomic difference: -5C, -12H, 1O; buddy atomic difference: -5C, -12H, 1O)"""	CCMSLIB00010259718	spectra_filtered.mgf	GNPS-BILE-ACID-MODIFICATIONS.mgf	0.748329	233000.0	0	2.62458	10	0.00088501	337.2	1	temp/spectra_filtered.mgf27308	1	LC-ESI	Orbitrap	Crude	Pieter Dorrestein	helenamrusso / mohantyipsita	M+H	337.201	337.201	0						4	Positive	GNPS-BILE-ACID-MODIFICATIONS	337.201	UPDATE-SINGLE-ANNOTATED-BRONZE	Insilico											mzspec:GNPS:GNPS-LIBRARY:CCMSLIB00010259718
Did not pass any BA query (stage1)	20413	"""Candidate Trihydroxylated bile acid (delta mass 26.0155; sirius atomic difference: 2C, 2H; buddy atomic difference: 2C, 2H)"""	CCMSLIB00010231719	spectra_filtered.mgf	GNPS-BILE-ACID-MODIFICATIONS.mgf	0.746609	338600.0	0	0.701054	18	0.000305176	435.31	1	temp/spectra_filtered.mgf20413	1	LC-ESI	Orbitrap	Crude	Pieter Dorrestein	helenamrusso / mohantyipsita	M+H	435.31	435.31	0						4	Positive	GNPS-BILE-ACID-MODIFICATIONS	435.31	UPDATE-SINGLE-ANNOTATED-BRONZE	Insilico											mzspec:GNPS:GNPS-LIBRARY:CCMSLIB00010231719
Did not pass any BA query (stage1)	16237	"""Candidate Trihydroxylated bile acid (delta mass 116.0094; sirius atomic difference: 5C, 4N; buddy atomic difference: 5C, 4N)"""	CCMSLIB00010222979	spectra_filtered.mgf	GNPS-BILE-ACID-MODIFICATIONS.mgf	0.744338	127200.0	0	4.7638	7	0.00250244	525.307	1	temp/spectra_filtered.mgf16237	1	LC-ESI	Orbitrap	Crude	Pieter Dorrestein	helenamrusso / mohantyipsita	M+H	525.304	525.304	0						4	Positive	GNPS-BILE-ACID-MODIFICATIONS	525.304	UPDATE-SINGLE-ANNOTATED-BRONZE	Insilico											mzspec:GNPS:GNPS-LIBRARY:CCMSLIB00010222979
Did not pass any BA query (stage1)	40783	"""Candidate Monohydroxylated bile acid (delta mass 37.0165; buddy atomic difference: -1C, 3H, 1N, 2O)"""	CCMSLIB00010234765	spectra_filtered.mgf	GNPS-BILE-ACID-MODIFICATIONS.mgf	0.744074	259300.0	0	1.17851	8	0.000488281	414.322	1	temp/spectra_filtered.mgf40783	1	LC-ESI	Orbitrap	Crude	Pieter Dorrestein	helenamrusso / mohantyipsita	M+H	414.322	414.322	0						4	Positive	GNPS-BILE-ACID-MODIFICATIONS	414.322	UPDATE-SINGLE-ANNOTATED-BRONZE	Insilico											mzspec:GNPS:GNPS-LIBRARY:CCMSLIB00010234765
Did not pass any BA query (stage1)	11154	"""Candidate Trihydroxylated bile acid (delta mass 69.9453; sirius atomic difference: 1C, -10H, 6N, -1O)"""	CCMSLIB00010226749	spectra_filtered.mgf	GNPS-BILE-ACID-MODIFICATIONS.mgf	0.743766	92300.0	0	9.42451	9	0.0045166	479.245	1	temp/spectra_filtered.mgf11154	1	LC-ESI	Orbitrap	Crude	Pieter Dorrestein	helenamrusso / mohantyipsita	M+H	479.24	479.24	0						4	Positive	GNPS-BILE-ACID-MODIFICATIONS	479.24	UPDATE-SINGLE-ANNOTATED-BRONZE	Insilico											mzspec:GNPS:GNPS-LIBRARY:CCMSLIB00010226749
trihydroxy_stage1	27698	"""Candidate Trihydroxylated bile acid (delta mass -18.9946; sirius atomic difference: -1H, 1N, -2O; buddy atomic difference: -1H, 1N, -2O)"""	CCMSLIB00010240647	spectra_filtered.mgf	GNPS-BILE-ACID-MODIFICATIONS.mgf	0.740381	504700.0	0	0.46914	14	0.000183105	390.3	1	temp/spectra_filtered.mgf27698	1	LC-ESI	Orbitrap	Crude	Pieter Dorrestein	helenamrusso / mohantyipsita	M+H	390.3	390.3	0						4	Positive	GNPS-BILE-ACID-MODIFICATIONS	390.3	UPDATE-SINGLE-ANNOTATED-BRONZE	Insilico											mzspec:GNPS:GNPS-LIBRARY:CCMSLIB00010240647
Did not pass any BA query (stage1)	20726	"""Candidate Trihydroxylated bile acid (delta mass 40.0316; sirius atomic difference: 3C, 4H; buddy atomic difference: 3C, 4H)"""	CCMSLIB00010230292	spectra_filtered.mgf	GNPS-BILE-ACID-MODIFICATIONS.mgf	0.73965	240100.0	0	3.12425	14	0.00140381	449.326	1	temp/spectra_filtered.mgf20726	1	LC-ESI	Orbitrap	Crude	Pieter Dorrestein	helenamrusso / mohantyipsita	M+H	449.327	449.327	0						4	Positive	GNPS-BILE-ACID-MODIFICATIONS	449.327	UPDATE-SINGLE-ANNOTATED-BRONZE	Insilico											mzspec:GNPS:GNPS-LIBRARY:CCMSLIB00010230292
Did not pass any BA query (stage1)	19354	"""Candidate Trihydroxylated bile acid (delta mass -73.0788; sirius atomic difference: -5C, -11H, 1N, -1O; buddy atomic difference: -5C, -11H, 1N, -1O)"""	CCMSLIB00010259900	spectra_filtered.mgf	GNPS-BILE-ACID-MODIFICATIONS.mgf	0.737913	485300.0	0	2.63227	7	0.00088501	336.217	1	temp/spectra_filtered.mgf19354	1	LC-ESI	Orbitrap	Crude	Pieter Dorrestein	helenamrusso / mohantyipsita	M+H	336.216	336.216	0						4	Positive	GNPS-BILE-ACID-MODIFICATIONS	336.216	UPDATE-SINGLE-ANNOTATED-BRONZE	Insilico											mzspec:GNPS:GNPS-LIBRARY:CCMSLIB00010259900
Did not pass any BA query (stage1)	41235	"""Candidate Trihydroxylated bile acid (delta mass -36.02; sirius atomic difference: -4H, -2O; buddy atomic difference: -4H, -2O; spectral library match to CCMSLIB00003139278, Spectral Match to Cholic acid from NIST14)"""	CCMSLIB00010244271	spectra_filtered.mgf	GNPS-BILE-ACID-MODIFICATIONS.mgf	0.737496	40900.0	0	3.43376	12	0.00128174	373.274	1	temp/spectra_filtered.mgf41235	1	LC-ESI	Orbitrap	Crude	Pieter Dorrestein	helenamrusso / mohantyipsita	M+H	373.275	373.275	0						4	Positive	GNPS-BILE-ACID-MODIFICATIONS	373.275	UPDATE-SINGLE-ANNOTATED-BRONZE	Insilico											mzspec:GNPS:GNPS-LIBRARY:CCMSLIB00010244271
Did not pass any BA query (stage1)	38898	"""Candidate Pentahydroxylated bile acid (delta mass -1.9264; buddy atomic difference: 6C, 6H, -5O)"""	CCMSLIB00010231616	spectra_filtered.mgf	GNPS-BILE-ACID-MODIFICATIONS.mgf	0.732479	140000.0	0	2.29216	11	0.00100708	439.357	1	temp/spectra_filtered.mgf38898	1	LC-ESI	Orbitrap	Crude	Pieter Dorrestein	helenamrusso / mohantyipsita	M+H	439.358	439.358	0						4	Positive	GNPS-BILE-ACID-MODIFICATIONS	439.358	UPDATE-SINGLE-ANNOTATED-BRONZE	Insilico											mzspec:GNPS:GNPS-LIBRARY:CCMSLIB00010231616
Did not pass any BA query (stage1)	40086	"""Candidate Dihydroxylated bile acid (delta mass 71.0131; sirius atomic difference: 6C, 1H, 1N, -1O; buddy atomic difference: 6C, 1H, 1N, -1O)"""	CCMSLIB00010227731	spectra_filtered.mgf	GNPS-BILE-ACID-MODIFICATIONS.mgf	0.732389	68800.0	0	0.394358	8	0.000183105	464.313	1	temp/spectra_filtered.mgf40086	1	LC-ESI	Orbitrap	Crude	Pieter Dorrestein	helenamrusso / mohantyipsita	M+H	464.313	464.313	0						4	Positive	GNPS-BILE-ACID-MODIFICATIONS	464.313	UPDATE-SINGLE-ANNOTATED-BRONZE	Insilico											mzspec:GNPS:GNPS-LIBRARY:CCMSLIB00010227731
Did not pass any BA query (stage1)	17960	Candidate Trihydroxylated bile acid (delta mass 128.3833)	CCMSLIB00010222425	spectra_filtered.mgf	GNPS-BILE-ACID-MODIFICATIONS.mgf	0.730553	125380000.0	0	3.17845	9	1073.34	537.676	3	temp/spectra_filtered.mgf17960	1	LC-ESI	Orbitrap	Crude	Pieter Dorrestein	helenamrusso / mohantyipsita	M+H	537.678	537.678	0						4	Positive	GNPS-BILE-ACID-MODIFICATIONS	537.678	UPDATE-SINGLE-ANNOTATED-BRONZE	Insilico											mzspec:GNPS:GNPS-LIBRARY:CCMSLIB00010222425
dihydroxy_stage1	37881	"""Candidate Dihydroxylated bile acid (delta mass 73.0313; sirius atomic difference: 6C, 3H, 1N, -1O; buddy atomic difference: 6C, 3H, 1N, -1O)"""	CCMSLIB00010227424	spectra_filtered.mgf	GNPS-BILE-ACID-MODIFICATIONS.mgf	0.730279	140600.0	0	1.30884	12	0.000610352	466.332	1	temp/spectra_filtered.mgf37881	1	LC-ESI	Orbitrap	Crude	Pieter Dorrestein	helenamrusso / mohantyipsita	M+H	466.331	466.331	0						4	Positive	GNPS-BILE-ACID-MODIFICATIONS	466.331	UPDATE-SINGLE-ANNOTATED-BRONZE	Insilico											mzspec:GNPS:GNPS-LIBRARY:CCMSLIB00010227424
Did not pass any BA query (stage1)	23158	"""Candidate Pentahydroxylated bile acid (delta mass -108.0217; sirius atomic difference: -6C, -4H, -2O; buddy atomic difference: -6C, -4H, -2O)"""	CCMSLIB00010260923	spectra_filtered.mgf	GNPS-BILE-ACID-MODIFICATIONS.mgf	0.729442	324900.0	0	0.915721	7	0.000305176	333.263	1	temp/spectra_filtered.mgf23158	1	LC-ESI	Orbitrap	Crude	Pieter Dorrestein	helenamrusso / mohantyipsita	M+H	333.263	333.263	0						4	Positive	GNPS-BILE-ACID-MODIFICATIONS	333.263	UPDATE-SINGLE-ANNOTATED-BRONZE	Insilico											mzspec:GNPS:GNPS-LIBRARY:CCMSLIB00010260923
trihydroxy_stage1	20149	"""Candidate Trihydroxylated bile acid (delta mass 39.0451; sirius atomic difference: 3C, 5H, 1N, -1O; buddy atomic difference: 3C, 5H, 1N, -1O)"""	CCMSLIB00010230382	spectra_filtered.mgf	GNPS-BILE-ACID-MODIFICATIONS.mgf	0.728326	139500.0	0	4.69669	14	0.00210571	448.342	1	temp/spectra_filtered.mgf20149	1	LC-ESI	Orbitrap	Crude	Pieter Dorrestein	helenamrusso / mohantyipsita	M+H	448.34	448.34	0						4	Positive	GNPS-BILE-ACID-MODIFICATIONS	448.34	UPDATE-SINGLE-ANNOTATED-BRONZE	Insilico											mzspec:GNPS:GNPS-LIBRARY:CCMSLIB00010230382
Did not pass any BA query (stage1)	13330	"""Candidate Pentahydroxylated bile acid (delta mass -26.061; sirius atomic difference: -1C, -10H, 2N, -2O; buddy atomic difference: -1C, -10H, 2N, -2O)"""	CCMSLIB00010234755	spectra_filtered.mgf	GNPS-BILE-ACID-MODIFICATIONS.mgf	0.72661	1131800.0	0	4.11581	7	0.00170898	415.222	1	temp/spectra_filtered.mgf13330	1	LC-ESI	Orbitrap	Crude	Pieter Dorrestein	helenamrusso / mohantyipsita	M+H	415.224	415.224	0						4	Positive	GNPS-BILE-ACID-MODIFICATIONS	415.224	UPDATE-SINGLE-ANNOTATED-BRONZE	Insilico											mzspec:GNPS:GNPS-LIBRARY:CCMSLIB00010234755
Did not pass any BA query (stage1)	41617	"""Candidate Trihydroxylated bile acid (delta mass 407.3101; sirius atomic difference: 20C, 37H, 7N, 2O; buddy atomic difference: 24C, 41H, 1N, 4O)"""	CCMSLIB00010218391	spectra_filtered.mgf	GNPS-BILE-ACID-MODIFICATIONS.mgf	0.72639	1564100.0	0	8.52065	15	0.00695801	816.598	1	temp/spectra_filtered.mgf41617	1	LC-ESI	Orbitrap	Crude	Pieter Dorrestein	helenamrusso / mohantyipsita	M+H	816.605	816.605	0						4	Positive	GNPS-BILE-ACID-MODIFICATIONS	816.605	UPDATE-SINGLE-ANNOTATED-BRONZE	Insilico											mzspec:GNPS:GNPS-LIBRARY:CCMSLIB00010218391
Did not pass any BA query (stage1)	29973	"""Candidate Pentahydroxylated bile acid (delta mass -54.0314; sirius atomic difference: -6H, -3O; buddy atomic difference: -6H, -3O)"""	CCMSLIB00010242884	spectra_filtered.mgf	GNPS-BILE-ACID-MODIFICATIONS.mgf	0.724689	91300.0	0	0.236416	11	9.15527e-05	387.253	1	temp/spectra_filtered.mgf29973	1	LC-ESI	Orbitrap	Crude	Pieter Dorrestein	helenamrusso / mohantyipsita	M+H	387.253	387.253	0						4	Positive	GNPS-BILE-ACID-MODIFICATIONS	387.253	UPDATE-SINGLE-ANNOTATED-BRONZE	Insilico											mzspec:GNPS:GNPS-LIBRARY:CCMSLIB00010242884
Did not pass any BA query (stage1)	41187	"""Candidate Monohydroxylated bile acid (delta mass -36.0365; sirius atomic difference: -4C, -4H, 1O; buddy atomic difference: -4C, -4H, 1O)"""	CCMSLIB00010251011	spectra_filtered.mgf	GNPS-BILE-ACID-MODIFICATIONS.mgf	0.723447	87400.0	0	4.38178	9	0.00149536	341.267	1	temp/spectra_filtered.mgf41187	1	LC-ESI	Orbitrap	Crude	Pieter Dorrestein	helenamrusso / mohantyipsita	M+H	341.268	341.268	0						4	Positive	GNPS-BILE-ACID-MODIFICATIONS	341.268	UPDATE-SINGLE-ANNOTATED-BRONZE	Insilico											mzspec:GNPS:GNPS-LIBRARY:CCMSLIB00010251011
trihydroxy_stage1	22673	"""Candidate Trihydroxylated bile acid (delta mass 21.0007; sirius atomic difference: 2C, -1H, 1N, -1O; buddy atomic difference: 2C, -1H, 1N, -1O; spectral library match to CCMSLIB00005435515, glycocholic acid)"""	CCMSLIB00010232751	spectra_filtered.mgf	GNPS-BILE-ACID-MODIFICATIONS.mgf	0.723236	60100.0	0	1.13476	12	0.000488281	430.296	1	temp/spectra_filtered.mgf22673	1	LC-ESI	Orbitrap	Crude	Pieter Dorrestein	helenamrusso / mohantyipsita	M+H	430.296	430.296	0						4	Positive	GNPS-BILE-ACID-MODIFICATIONS	430.296	UPDATE-SINGLE-ANNOTATED-BRONZE	Insilico											mzspec:GNPS:GNPS-LIBRARY:CCMSLIB00010232751
dihydroxy_stage1	25090	"""Candidate Dihydroxylated bile acid (delta mass 96.983; sirius atomic difference: 3C, -1H, 1N, 3O; buddy atomic difference: 4C, -5H, 5N, -1O)"""	CCMSLIB00010224841	spectra_filtered.mgf	GNPS-BILE-ACID-MODIFICATIONS.mgf	0.722999	123500.0	0	1.2449	10	0.000610352	490.284	1	temp/spectra_filtered.mgf25090	1	LC-ESI	Orbitrap	Crude	Pieter Dorrestein	helenamrusso / mohantyipsita	M+H	490.283	490.283	0						4	Positive	GNPS-BILE-ACID-MODIFICATIONS	490.283	UPDATE-SINGLE-ANNOTATED-BRONZE	Insilico											mzspec:GNPS:GNPS-LIBRARY:CCMSLIB00010224841
tetrahydroxy_stage1	19446	"""Candidate Tetrahydroxylated bile acid (delta mass 111.0324; sirius atomic difference: 5C, 5H, 1N, 2O; buddy atomic difference: 5C, 5H, 1N, 2O)"""	CCMSLIB00010222493	spectra_filtered.mgf	GNPS-BILE-ACID-MODIFICATIONS.mgf	0.720674	114700.0	0	4.77973	14	0.00256348	536.325	1	temp/spectra_filtered.mgf19446	1	LC-ESI	Orbitrap	Crude	Pieter Dorrestein	helenamrusso / mohantyipsita	M+H	536.322	536.322	0						4	Positive	GNPS-BILE-ACID-MODIFICATIONS	536.322	UPDATE-SINGLE-ANNOTATED-BRONZE	Insilico											mzspec:GNPS:GNPS-LIBRARY:CCMSLIB00010222493
Did not pass any BA query (stage1)	25352	"""Candidate Trihydroxylated bile acid (delta mass -54.0316; sirius atomic difference: -6H, -3O; buddy atomic difference: -6H, -3O; spectral library match to CCMSLIB00003135735, Spectral Match to Cholic acid from NIST14)"""	CCMSLIB00010248942	spectra_filtered.mgf	GNPS-BILE-ACID-MODIFICATIONS.mgf	0.718273	81700.0	0	1.37442	12	0.000488281	355.263	1	temp/spectra_filtered.mgf25352	1	LC-ESI	Orbitrap	Crude	Pieter Dorrestein	helenamrusso / mohantyipsita	M+H	355.263	355.263	0						4	Positive	GNPS-BILE-ACID-MODIFICATIONS	355.263	UPDATE-SINGLE-ANNOTATED-BRONZE	Insilico											mzspec:GNPS:GNPS-LIBRARY:CCMSLIB00010248942
dihydroxy_stage1	30564	"""Candidate Dihydroxylated bile acid (delta mass -0.9845; sirius atomic difference: 1H, 1N, -1O; buddy atomic difference: 1H, 1N, -1O)"""	CCMSLIB00010238931	spectra_filtered.mgf	GNPS-BILE-ACID-MODIFICATIONS.mgf	0.718269	225800.0	0	0.233365	12	9.15527e-05	392.315	1	temp/spectra_filtered.mgf30564	1	LC-ESI	Orbitrap	Crude	Pieter Dorrestein	helenamrusso / mohantyipsita	M+H	392.315	392.315	0						4	Positive	GNPS-BILE-ACID-MODIFICATIONS	392.315	UPDATE-SINGLE-ANNOTATED-BRONZE	Insilico											mzspec:GNPS:GNPS-LIBRARY:CCMSLIB00010238931
pentahydroxy_stage1	22356	"""Candidate Pentahydroxylated bile acid (delta mass -0.9846; sirius atomic difference: 1H, 1N, -1O; buddy atomic difference: 1C, -3H, 5N, -5O)"""	CCMSLIB00010231605	spectra_filtered.mgf	GNPS-BILE-ACID-MODIFICATIONS.mgf	0.716666	61400.0	0	1.38622	9	0.000610352	440.301	1	temp/spectra_filtered.mgf22356	1	LC-ESI	Orbitrap	Crude	Pieter Dorrestein	helenamrusso / mohantyipsita	M+H	440.3	440.3	0						4	Positive	GNPS-BILE-ACID-MODIFICATIONS	440.3	UPDATE-SINGLE-ANNOTATED-BRONZE	Insilico											mzspec:GNPS:GNPS-LIBRARY:CCMSLIB00010231605
Did not pass any BA query (stage1)	35760	"""Candidate Dihydroxylated bile acid (delta mass -54.0307; sirius atomic difference: -6H, -3O; buddy atomic difference: -6H, -3O)"""	CCMSLIB00010251412	spectra_filtered.mgf	GNPS-BILE-ACID-MODIFICATIONS.mgf	0.71554	70800.0	0	54.2404	10	0.0184021	339.251	1	temp/spectra_filtered.mgf35760	1	LC-ESI	Orbitrap	Crude	Pieter Dorrestein	helenamrusso / mohantyipsita	M+H	339.269	339.269	0						4	Positive	GNPS-BILE-ACID-MODIFICATIONS	339.269	UPDATE-SINGLE-ANNOTATED-BRONZE	Insilico											mzspec:GNPS:GNPS-LIBRARY:CCMSLIB00010251412
trihydroxy_stage1	20231	"""Candidate Trihydroxylated bile acid (delta mass -18.995; sirius atomic difference: -1H, 1N, -2O; buddy atomic difference: -1H, 1N, -2O)"""	CCMSLIB00010240649	spectra_filtered.mgf	GNPS-BILE-ACID-MODIFICATIONS.mgf	0.713516	205000.0	0	0.781901	14	0.000305176	390.3	1	temp/spectra_filtered.mgf20231	1	LC-ESI	Orbitrap	Crude	Pieter Dorrestein	helenamrusso / mohantyipsita	M+H	390.3	390.3	0						4	Positive	GNPS-BILE-ACID-MODIFICATIONS	390.3	UPDATE-SINGLE-ANNOTATED-BRONZE	Insilico											mzspec:GNPS:GNPS-LIBRARY:CCMSLIB00010240649
Did not pass any BA query (stage1)	21298	"""Candidate Pentahydroxylated bile acid (delta mass 256.0949; buddy atomic difference: 13C, 12H, 4N, 2O)"""	CCMSLIB00010219554	spectra_filtered.mgf	GNPS-BILE-ACID-MODIFICATIONS.mgf	0.713325	127800.0	0	2.88818	11	0.00201416	697.382	1	temp/spectra_filtered.mgf21298	1	LC-ESI	Orbitrap	Crude	Pieter Dorrestein	helenamrusso / mohantyipsita	M+H	697.38	697.38	0						4	Positive	GNPS-BILE-ACID-MODIFICATIONS	697.38	UPDATE-SINGLE-ANNOTATED-BRONZE	Insilico											mzspec:GNPS:GNPS-LIBRARY:CCMSLIB00010219554
dihydroxy_stage1	36830	"""Candidate Dihydroxylated bile acid (delta mass 152.0581; sirius atomic difference: 8C, 4H, 6N, -2O; buddy atomic difference: 7C, 8H, 2N, 2O)"""	CCMSLIB00010222256	spectra_filtered.mgf	GNPS-BILE-ACID-MODIFICATIONS.mgf	0.713278	6299600.0	0	0.223835	18	0.00012207	545.358	1	temp/spectra_filtered.mgf36830	1	LC-ESI	Orbitrap	Crude	Pieter Dorrestein	helenamrusso / mohantyipsita	M+H	545.358	545.358	0						4	Positive	GNPS-BILE-ACID-MODIFICATIONS	545.358	UPDATE-SINGLE-ANNOTATED-BRONZE	Insilico											mzspec:GNPS:GNPS-LIBRARY:CCMSLIB00010222256
Did not pass any BA query (stage1)	14668	"""Candidate Trihydroxylated bile acid (delta mass 138.0613; sirius atomic difference: 6C, 2H, 8N, -3O; buddy atomic difference: 5C, 6H, 4N, 1O)"""	CCMSLIB00010222192	spectra_filtered.mgf	GNPS-BILE-ACID-MODIFICATIONS.mgf	0.711043	88900.0	0	28.5463	7	546.317	547.34	2	temp/spectra_filtered.mgf14668	1	LC-ESI	Orbitrap	Crude	Pieter Dorrestein	helenamrusso / mohantyipsita	M+H	547.356	547.356	0						4	Positive	GNPS-BILE-ACID-MODIFICATIONS	547.356	UPDATE-SINGLE-ANNOTATED-BRONZE	Insilico											mzspec:GNPS:GNPS-LIBRARY:CCMSLIB00010222192
Did not pass any BA query (stage1)	41805	"""Candidate Dihydroxylated bile acid (delta mass 221.1415; sirius atomic difference: 13C, 19H, 1N, 2O; buddy atomic difference: 13C, 19H, 1N, 2O)"""	CCMSLIB00010220730	spectra_filtered.mgf	GNPS-BILE-ACID-MODIFICATIONS.mgf	0.710478	1081100.0	0	1.98669	12	0.0012207	614.442	1	temp/spectra_filtered.mgf41805	1	LC-ESI	Orbitrap	Crude	Pieter Dorrestein	helenamrusso / mohantyipsita	M+H	614.441	614.441	0						4	Positive	GNPS-BILE-ACID-MODIFICATIONS	614.441	UPDATE-SINGLE-ANNOTATED-BRONZE	Insilico											mzspec:GNPS:GNPS-LIBRARY:CCMSLIB00010220730
Did not pass any BA query (stage1)	14686	"""Candidate Trihydroxylated bile acid (delta mass 89.0151; sirius atomic difference: 2C, 3H, 1N, 3O; buddy atomic difference: 8C, -1H, 3N, -3O)"""	CCMSLIB00010224100	spectra_filtered.mgf	GNPS-BILE-ACID-MODIFICATIONS.mgf	0.709596	10960000.0	0	0.796148	10	0.000396729	498.31	1	temp/spectra_filtered.mgf14686	1	LC-ESI	Orbitrap	Crude	Pieter Dorrestein	helenamrusso / mohantyipsita	M+H	498.31	498.31	0						4	Positive	GNPS-BILE-ACID-MODIFICATIONS	498.31	UPDATE-SINGLE-ANNOTATED-BRONZE	Insilico											mzspec:GNPS:GNPS-LIBRARY:CCMSLIB00010224100
Did not pass any BA query (stage1)	17772	"""Candidate Trihydroxylated bile acid (delta mass 138.0613; sirius atomic difference: 6C, 2H, 8N, -3O; buddy atomic difference: 5C, 6H, 4N, 1O)"""	CCMSLIB00010222192	spectra_filtered.mgf	GNPS-BILE-ACID-MODIFICATIONS.mgf	0.708611	1378800.0	0	5.79847	11	546.355	547.359	2	temp/spectra_filtered.mgf17772	1	LC-ESI	Orbitrap	Crude	Pieter Dorrestein	helenamrusso / mohantyipsita	M+H	547.356	547.356	0						4	Positive	GNPS-BILE-ACID-MODIFICATIONS	547.356	UPDATE-SINGLE-ANNOTATED-BRONZE	Insilico											mzspec:GNPS:GNPS-LIBRARY:CCMSLIB00010222192
Did not pass any BA query (stage1)	31372	Candidate Trihydroxylated bile acid (delta mass 119.5451)	CCMSLIB00010222885	spectra_filtered.mgf	GNPS-BILE-ACID-MODIFICATIONS.mgf	0.704711	92500.0	0	5.88608	10	1583.49	528.837	4	temp/spectra_filtered.mgf31372	1	LC-ESI	Orbitrap	Crude	Pieter Dorrestein	helenamrusso / mohantyipsita	M+H	528.84	528.84	0						4	Positive	GNPS-BILE-ACID-MODIFICATIONS	528.84	UPDATE-SINGLE-ANNOTATED-BRONZE	Insilico											mzspec:GNPS:GNPS-LIBRARY:CCMSLIB00010222885
Did not pass any BA query (stage1)	26594	"""Candidate Tetrahydroxylated bile acid (delta mass 150.0828; sirius atomic difference: 2C, 10H, 6N, 2O; buddy atomic difference: 13C, 10H, -1O)"""	CCMSLIB00010221725	spectra_filtered.mgf	GNPS-BILE-ACID-MODIFICATIONS.mgf	0.700306	337700.0	0	3.28846	12	0.00189209	575.371	1	temp/spectra_filtered.mgf26594	1	LC-ESI	Orbitrap	Crude	Pieter Dorrestein	helenamrusso / mohantyipsita	M+H	575.373	575.373	0						4	Positive	GNPS-BILE-ACID-MODIFICATIONS	575.373	UPDATE-SINGLE-ANNOTATED-BRONZE	Insilico											mzspec:GNPS:GNPS-LIBRARY:CCMSLIB00010221725
